filepath,odd_size_score,is_odd_size_issue,odd_aspect_ratio_score,is_odd_aspect_ratio_issue,low_information_score,is_low_information_issue,light_score,is_light_issue,grayscale_score,is_grayscale_issue,dark_score,is_dark_issue,blurry_score,is_blurry_issue,exact_duplicates_score,is_exact_duplicates_issue,near_duplicates_score,is_near_duplicates_issue
c:/school programs/AI/ML_ENV/AI-Lizard-Prediction-Challenge/train/Black_spiny_tailed_iguana/Black_spiny-tailed_iguana_Black_spiny-tailed_iguana_10.jpg,0.9285714285714285,False,0.75,False,0.9043681610816832,False,0.8248853838292854,False,1,False,0.8527408169451461,False,0.46476604796882715,False,1.0,False,1.0,False
c:/school programs/AI/ML_ENV/AI-Lizard-Prediction-Challenge/train/Black_spiny_tailed_iguana/Black_spiny-tailed_iguana_Black_spiny-tailed_iguana_100.jpg,0.9278675870015937,False,0.7509765625,False,0.9083568960715196,False,0.8992424694167102,False,1,False,0.9769118146380422,False,0.5177159457132275,False,1.0,False,1.0,False
c:/school programs/AI/ML_ENV/AI-Lizard-Prediction-Challenge/train/Black_spiny_tailed_iguana/Black_spiny-tailed_iguana_Black_spiny-tailed_iguana_101.jpg,0.6704493405420648,False,1.0,False,0.7965501729689324,False,0.8172517462192865,False,1,False,0.7299477684831783,False,0.7497758659455295,False,1.0,False,1.0,False
c:/school programs/AI/ML_ENV/AI-Lizard-Prediction-Challenge/train/Black_spiny_tailed_iguana/Black_spiny-tailed_iguana_Black_spiny-tailed_iguana_102.jpg,0.9285714285714285,False,0.75,False,0.8643800548159878,False,0.8494880197155379,False,1,False,0.8715579478381404,False,0.7104341035220421,False,1.0,False,1.0,False
c:/school programs/AI/ML_ENV/AI-Lizard-Prediction-Challenge/train/Black_spiny_tailed_iguana/Black_spiny-tailed_iguana_Black_spiny-tailed_iguana_103.jpg,0.6301017643428435,False,0.8051282051282052,False,0.899678212050361,False,0.7642777424616802,False,1,False,0.9153474789963005,False,0.48415042562940513,False,1.0,False,1.0,False
c:/school programs/AI/ML_ENV/AI-Lizard-Prediction-Challenge/train/Black_spiny_tailed_iguana/Black_spiny-tailed_iguana_Black_spiny-tailed_iguana_105.jpg,0.9905452019764944,False,0.66650390625,False,0.8915798136438688,False,0.8056661532746201,False,1,False,0.928422183527005,False,0.46342801227127206,False,1.0,False,1.0,False
c:/school programs/AI/ML_ENV/AI-Lizard-Prediction-Challenge/train/Black_spiny_tailed_iguana/Black_spiny-tailed_iguana_Black_spiny-tailed_iguana_106.jpg,0.9285714285714285,False,0.75,False,0.9434486561034222,False,0.8889272192219994,False,1,False,0.976705011627647,False,0.5376044180882251,False,1.0,False,1.0,False
c:/school programs/AI/ML_ENV/AI-Lizard-Prediction-Challenge/train/Black_spiny_tailed_iguana/Black_spiny-tailed_iguana_Black_spiny-tailed_iguana_107.jpg,0.9269478222791533,False,0.56298828125,False,0.890021743960655,False,0.9847189598394258,False,1,False,0.8280513693949134,False,0.48879453548108753,False,1.0,False,1.0,False
c:/school programs/AI/ML_ENV/AI-Lizard-Prediction-Challenge/train/Black_spiny_tailed_iguana/Black_spiny-tailed_iguana_Black_spiny-tailed_iguana_108.jpg,0.9285714285714285,False,0.75,False,0.9279372468183049,False,0.8733978796156512,False,1,False,0.9818449157975163,False,0.5386576760864289,False,1.0,False,1.0,False
c:/school programs/AI/ML_ENV/AI-Lizard-Prediction-Challenge/train/Black_spiny_tailed_iguana/Black_spiny-tailed_iguana_Black_spiny-tailed_iguana_109.jpg,0.9265414150995837,False,0.5625,False,0.9261487802574364,False,0.9255310741649063,False,1,False,0.9895056960378497,False,0.5621270149143629,False,1.0,False,1.0,False
c:/school programs/AI/ML_ENV/AI-Lizard-Prediction-Challenge/train/Black_spiny_tailed_iguana/Black_spiny-tailed_iguana_Black_spiny-tailed_iguana_11.jpg,0.9265414150995837,False,0.5625,False,0.9152065982224737,False,0.8491640619748626,False,1,False,0.9737457216790601,False,0.5779566093191861,False,1.0,False,1.0,False
c:/school programs/AI/ML_ENV/AI-Lizard-Prediction-Challenge/train/Black_spiny_tailed_iguana/Black_spiny-tailed_iguana_Black_spiny-tailed_iguana_110.jpg,0.9285714285714285,False,0.75,False,0.933762371412262,False,0.9065962532869347,False,1,False,0.9840838806719604,False,0.5779668389624677,False,1.0,False,1.0,False
c:/school programs/AI/ML_ENV/AI-Lizard-Prediction-Challenge/train/Black_spiny_tailed_iguana/Black_spiny-tailed_iguana_Black_spiny-tailed_iguana_111.jpg,0.8934367118568581,False,0.5234375,False,0.9015316762951944,False,0.8626157612180482,False,1,False,0.8801699182358599,False,0.49869685440012057,False,1.0,False,1.0,False
c:/school programs/AI/ML_ENV/AI-Lizard-Prediction-Challenge/train/Black_spiny_tailed_iguana/Black_spiny-tailed_iguana_Black_spiny-tailed_iguana_112.jpg,0.9285714285714285,False,0.75,False,0.8822637310552324,False,0.8064026779459553,False,1,False,0.9564935079938046,False,0.5053202309727642,False,1.0,False,1.0,False
c:/school programs/AI/ML_ENV/AI-Lizard-Prediction-Challenge/train/Black_spiny_tailed_iguana/Black_spiny-tailed_iguana_Black_spiny-tailed_iguana_113.jpg,0.45105434644420006,True,0.7502863688430699,False,0.9217668194773405,False,0.8802262160431709,False,1,False,0.9759772119623974,False,0.5724608785476143,False,1.0,False,1.0,False
c:/school programs/AI/ML_ENV/AI-Lizard-Prediction-Challenge/train/Black_spiny_tailed_iguana/Black_spiny-tailed_iguana_Black_spiny-tailed_iguana_114.jpg,0.9285714285714285,False,0.75,False,0.9272768468672132,False,0.8875722454195585,False,1,False,0.9065691395406072,False,0.5411939510279595,False,1.0,False,1.0,False
c:/school programs/AI/ML_ENV/AI-Lizard-Prediction-Challenge/train/Black_spiny_tailed_iguana/Black_spiny-tailed_iguana_Black_spiny-tailed_iguana_115.jpg,0.9285714285714285,False,0.75,False,0.9280613410540863,False,0.8369315756063804,False,1,False,0.9369899371140437,False,0.48092233052882605,False,1.0,False,1.0,False
c:/school programs/AI/ML_ENV/AI-Lizard-Prediction-Challenge/train/Black_spiny_tailed_iguana/Black_spiny-tailed_iguana_Black_spiny-tailed_iguana_116.jpg,0.9285714285714285,False,0.75,False,0.9153833202863167,False,0.8641209575142244,False,1,False,0.809744412189362,False,0.5177018878587607,False,1.0,False,1.0,False
c:/school programs/AI/ML_ENV/AI-Lizard-Prediction-Challenge/train/Black_spiny_tailed_iguana/Black_spiny-tailed_iguana_Black_spiny-tailed_iguana_117.jpg,0.9285714285714285,False,0.75,False,0.9391927947395179,False,0.8575689189775809,False,1,False,0.9788304738315751,False,0.5501402873220878,False,1.0,False,1.0,False
c:/school programs/AI/ML_ENV/AI-Lizard-Prediction-Challenge/train/Black_spiny_tailed_iguana/Black_spiny-tailed_iguana_Black_spiny-tailed_iguana_118.jpg,0.8186864803103198,False,0.91015625,False,0.9048223857299027,False,0.7542465547278542,False,1,False,1.0,False,0.5248049709258578,False,1.0,False,1.0,False
c:/school programs/AI/ML_ENV/AI-Lizard-Prediction-Challenge/train/Black_spiny_tailed_iguana/Black_spiny-tailed_iguana_Black_spiny-tailed_iguana_12.jpg,0.9285714285714285,False,0.75,False,0.9424414601304596,False,0.9449173840580526,False,1,False,0.9651216464195295,False,0.473194040110022,False,1.0,False,1.0,False
c:/school programs/AI/ML_ENV/AI-Lizard-Prediction-Challenge/train/Black_spiny_tailed_iguana/Black_spiny-tailed_iguana_Black_spiny-tailed_iguana_120.jpg,0.9285714285714285,False,0.75,False,0.9165110609262174,False,0.8536041086077478,False,1,False,0.9933967916687715,False,0.5300626969062938,False,1.0,False,1.0,False
c:/school programs/AI/ML_ENV/AI-Lizard-Prediction-Challenge/train/Black_spiny_tailed_iguana/Black_spiny-tailed_iguana_Black_spiny-tailed_iguana_122.jpg,0.9285714285714285,False,0.75,False,0.9252363821050742,False,0.8051047364548254,False,1,False,0.9763367102491253,False,0.4657402700448696,False,1.0,False,1.0,False
c:/school programs/AI/ML_ENV/AI-Lizard-Prediction-Challenge/train/Black_spiny_tailed_iguana/Black_spiny-tailed_iguana_Black_spiny-tailed_iguana_123.jpg,0.9285714285714285,False,0.75,False,0.918795716381652,False,0.8552108746789786,False,1,False,0.9681212378918297,False,0.5346447802151006,False,1.0,False,1.0,False
c:/school programs/AI/ML_ENV/AI-Lizard-Prediction-Challenge/train/Black_spiny_tailed_iguana/Black_spiny-tailed_iguana_Black_spiny-tailed_iguana_124.jpg,0.9285714285714285,False,0.75,False,0.8551031345127811,False,0.6434777750464733,False,1,False,0.8717752021454498,False,0.7021935228119695,False,1.0,False,1.0,False
c:/school programs/AI/ML_ENV/AI-Lizard-Prediction-Challenge/train/Black_spiny_tailed_iguana/Black_spiny-tailed_iguana_Black_spiny-tailed_iguana_126.jpg,0.9285714285714285,False,0.75,False,0.9020709218854576,False,0.9848650819643898,False,1,False,0.786550653185739,False,0.46341103850565135,False,1.0,False,1.0,False
c:/school programs/AI/ML_ENV/AI-Lizard-Prediction-Challenge/train/Black_spiny_tailed_iguana/Black_spiny-tailed_iguana_Black_spiny-tailed_iguana_127.jpg,0.9265414150995837,False,0.5625,False,0.9167254138628729,False,0.808243915346767,False,1,False,0.9778945991168629,False,0.47304719685615104,False,1.0,False,1.0,False
c:/school programs/AI/ML_ENV/AI-Lizard-Prediction-Challenge/train/Black_spiny_tailed_iguana/Black_spiny-tailed_iguana_Black_spiny-tailed_iguana_128.jpg,0.9905452019764944,False,0.66650390625,False,0.9273752205360847,False,0.819204330244804,False,1,False,1.0,False,0.48974121139023274,False,1.0,False,1.0,False
c:/school programs/AI/ML_ENV/AI-Lizard-Prediction-Challenge/train/Black_spiny_tailed_iguana/Black_spiny-tailed_iguana_Black_spiny-tailed_iguana_13.jpg,0.9265414150995837,False,0.5625,False,0.9484504194019059,False,0.8947247616151193,False,1,False,0.9909899128169181,False,0.5198093276655912,False,1.0,False,1.0,False
c:/school programs/AI/ML_ENV/AI-Lizard-Prediction-Challenge/train/Black_spiny_tailed_iguana/Black_spiny-tailed_iguana_Black_spiny-tailed_iguana_132.jpg,0.9905452019764944,False,0.66650390625,False,0.8846411425819047,False,0.8935998138369463,False,1,False,0.9726810868583937,False,0.5828746635672871,False,1.0,False,1.0,False
c:/school programs/AI/ML_ENV/AI-Lizard-Prediction-Challenge/train/Black_spiny_tailed_iguana/Black_spiny-tailed_iguana_Black_spiny-tailed_iguana_133.jpg,0.9905452019764944,False,0.66650390625,False,0.8662218393728717,False,0.7652741830340625,False,1,False,0.8518472227389838,False,0.4985304567211071,False,1.0,False,1.0,False
c:/school programs/AI/ML_ENV/AI-Lizard-Prediction-Challenge/train/Black_spiny_tailed_iguana/Black_spiny-tailed_iguana_Black_spiny-tailed_iguana_134.jpg,0.9285714285714285,False,0.75,False,0.933465413949654,False,0.8402740235802185,False,1,False,0.9721098312583921,False,0.5351858792871378,False,1.0,False,1.0,False
c:/school programs/AI/ML_ENV/AI-Lizard-Prediction-Challenge/train/Black_spiny_tailed_iguana/Black_spiny-tailed_iguana_Black_spiny-tailed_iguana_135.jpg,0.9285714285714285,False,0.75,False,0.9358272538859662,False,0.83008548636033,False,1,False,0.9612171254032029,False,0.5607584808476589,False,1.0,False,1.0,False
c:/school programs/AI/ML_ENV/AI-Lizard-Prediction-Challenge/train/Black_spiny_tailed_iguana/Black_spiny-tailed_iguana_Black_spiny-tailed_iguana_136.jpg,0.9285714285714285,False,0.75,False,0.9318925018762869,False,0.8229859349126338,False,1,False,0.9535699301499586,False,0.5582254403185289,False,1.0,False,1.0,False
c:/school programs/AI/ML_ENV/AI-Lizard-Prediction-Challenge/train/Black_spiny_tailed_iguana/Black_spiny-tailed_iguana_Black_spiny-tailed_iguana_137.jpg,0.9285714285714285,False,0.75,False,0.9486133215078812,False,0.907392258576152,False,1,False,0.977345013627842,False,0.5715928395755925,False,1.0,False,1.0,False
c:/school programs/AI/ML_ENV/AI-Lizard-Prediction-Challenge/train/Black_spiny_tailed_iguana/Black_spiny-tailed_iguana_Black_spiny-tailed_iguana_138.jpg,0.9905452019764944,False,0.66650390625,False,0.9423937971510119,False,0.9639650731178517,False,1,False,0.9178219290394001,False,0.5904525777387192,False,1.0,False,1.0,False
c:/school programs/AI/ML_ENV/AI-Lizard-Prediction-Challenge/train/Black_spiny_tailed_iguana/Black_spiny-tailed_iguana_Black_spiny-tailed_iguana_139.jpg,0.9808816808770318,False,0.67919921875,False,0.915915547563746,False,0.9513112341022658,False,1,False,0.934865910938068,False,0.5732437331511707,False,1.0,False,1.0,False
c:/school programs/AI/ML_ENV/AI-Lizard-Prediction-Challenge/train/Black_spiny_tailed_iguana/Black_spiny-tailed_iguana_Black_spiny-tailed_iguana_14.jpg,0.9285714285714285,False,0.75,False,0.9305474517915828,False,0.8293572320654461,False,1,False,0.9565293134903502,False,0.5276582666234277,False,1.0,False,1.0,False
c:/school programs/AI/ML_ENV/AI-Lizard-Prediction-Challenge/train/Black_spiny_tailed_iguana/Black_spiny-tailed_iguana_Black_spiny-tailed_iguana_140.jpg,0.9292757285208094,False,0.7490234375,False,0.9443670454054497,False,0.8667115992665212,False,1,False,0.986628697171472,False,0.5207808456545283,False,1.0,False,1.0,False
c:/school programs/AI/ML_ENV/AI-Lizard-Prediction-Challenge/train/Black_spiny_tailed_iguana/Black_spiny-tailed_iguana_Black_spiny-tailed_iguana_141.jpg,0.9285714285714285,False,0.75,False,0.9107315314654738,False,0.7132854577141754,False,1,False,0.9695699788399718,False,0.5896812101692326,False,1.0,False,1.0,False
c:/school programs/AI/ML_ENV/AI-Lizard-Prediction-Challenge/train/Black_spiny_tailed_iguana/Black_spiny-tailed_iguana_Black_spiny-tailed_iguana_142.jpg,0.9285714285714285,False,0.75,False,0.8858969258050003,False,0.9450672355322228,False,1,False,0.9286805843967277,False,0.4900925376713775,False,1.0,False,1.0,False
c:/school programs/AI/ML_ENV/AI-Lizard-Prediction-Challenge/train/Black_spiny_tailed_iguana/Black_spiny-tailed_iguana_Black_spiny-tailed_iguana_143.jpg,0.9772026236595659,False,0.625,False,0.8764731633548037,False,0.8222618508220517,False,1,False,0.7931679840843597,False,0.43234762600026455,False,1.0,False,1.0,False
c:/school programs/AI/ML_ENV/AI-Lizard-Prediction-Challenge/train/Black_spiny_tailed_iguana/Black_spiny-tailed_iguana_Black_spiny-tailed_iguana_144.jpg,0.9285714285714285,False,0.75,False,0.9362013720683608,False,0.9202306284743169,False,1,False,0.9239978112786319,False,0.5076746315183025,False,1.0,False,1.0,False
c:/school programs/AI/ML_ENV/AI-Lizard-Prediction-Challenge/train/Black_spiny_tailed_iguana/Black_spiny-tailed_iguana_Black_spiny-tailed_iguana_146.jpg,0.9285714285714285,False,0.75,False,0.9268280010805081,False,0.858570107629333,False,1,False,0.9847596833679413,False,0.5633458577654685,False,1.0,False,1.0,False
c:/school programs/AI/ML_ENV/AI-Lizard-Prediction-Challenge/train/Black_spiny_tailed_iguana/Black_spiny-tailed_iguana_Black_spiny-tailed_iguana_147.jpg,0.9285714285714285,False,0.75,False,0.9332668256762701,False,0.9299172785144112,False,1,False,0.9994686169859808,False,0.6249497760497601,False,1.0,False,1.0,False
c:/school programs/AI/ML_ENV/AI-Lizard-Prediction-Challenge/train/Black_spiny_tailed_iguana/Black_spiny-tailed_iguana_Black_spiny-tailed_iguana_148.jpg,0.8723015490757013,False,0.830078125,False,0.8693471282620728,False,0.7280631504658415,False,1,False,0.8665339886020267,False,0.6411616972622753,False,1.0,False,1.0,False
c:/school programs/AI/ML_ENV/AI-Lizard-Prediction-Challenge/train/Black_spiny_tailed_iguana/Black_spiny-tailed_iguana_Black_spiny-tailed_iguana_149.jpg,0.9079081552880588,False,0.7502876869965478,False,0.8958464587752056,False,0.7024875656435624,False,1,False,0.9638697157354602,False,0.5172088910317889,False,1.0,False,1.0,False
c:/school programs/AI/ML_ENV/AI-Lizard-Prediction-Challenge/train/Black_spiny_tailed_iguana/Black_spiny-tailed_iguana_Black_spiny-tailed_iguana_151.jpg,0.5325713627764364,False,0.5517529215358932,False,0.9134629355656219,False,0.730045783994866,False,1,False,0.9459848739679931,False,0.5157194482485028,False,1.0,False,1.0,False
c:/school programs/AI/ML_ENV/AI-Lizard-Prediction-Challenge/train/Black_spiny_tailed_iguana/Black_spiny-tailed_iguana_Black_spiny-tailed_iguana_152.jpg,0.9285714285714285,False,0.75,False,0.9129879611614604,False,0.9730476662084909,False,1,False,0.8877019478258337,False,0.5150221203351966,False,1.0,False,1.0,False
c:/school programs/AI/ML_ENV/AI-Lizard-Prediction-Challenge/train/Black_spiny_tailed_iguana/Black_spiny-tailed_iguana_Black_spiny-tailed_iguana_153.jpg,0.9285714285714285,False,0.75,False,0.9156788232786932,False,0.8904693175589528,False,1,False,0.984313725490196,False,0.5088853736664345,False,1.0,False,1.0,False
c:/school programs/AI/ML_ENV/AI-Lizard-Prediction-Challenge/train/Black_spiny_tailed_iguana/Black_spiny-tailed_iguana_Black_spiny-tailed_iguana_154.jpg,0.9285714285714285,False,0.75,False,0.9334982768311879,False,0.8489254177177222,False,1,False,0.9462829444705061,False,0.511166564990007,False,1.0,False,1.0,False
c:/school programs/AI/ML_ENV/AI-Lizard-Prediction-Challenge/train/Black_spiny_tailed_iguana/Black_spiny-tailed_iguana_Black_spiny-tailed_iguana_155.jpg,0.7503723730880969,False,0.75,False,0.8673483101428069,False,0.5260042486283879,False,1,False,0.9600686249981729,False,0.4626700710534153,False,1.0,False,1.0,False
c:/school programs/AI/ML_ENV/AI-Lizard-Prediction-Challenge/train/Black_spiny_tailed_iguana/Black_spiny-tailed_iguana_Black_spiny-tailed_iguana_156.jpg,0.926461275428192,False,0.7529296875,False,0.8979422012049485,False,0.8571029143553437,False,1,False,0.8774026276522937,False,0.628174878788379,False,1.0,False,1.0,False
c:/school programs/AI/ML_ENV/AI-Lizard-Prediction-Challenge/train/Black_spiny_tailed_iguana/Black_spiny-tailed_iguana_Black_spiny-tailed_iguana_157.jpg,0.9285714285714285,False,0.75,False,0.8932596403895027,False,0.9328640507731873,False,1,False,0.8067197881600503,False,0.42027172952592107,False,1.0,False,1.0,False
c:/school programs/AI/ML_ENV/AI-Lizard-Prediction-Challenge/train/Black_spiny_tailed_iguana/Black_spiny-tailed_iguana_Black_spiny-tailed_iguana_159.jpg,0.9265414150995837,False,0.5625,False,0.946167182218626,False,0.9299115734000785,False,1,False,0.9876140982560964,False,0.5363975564873349,False,1.0,False,1.0,False
c:/school programs/AI/ML_ENV/AI-Lizard-Prediction-Challenge/train/Black_spiny_tailed_iguana/Black_spiny-tailed_iguana_Black_spiny-tailed_iguana_16.jpg,0.9265414150995837,False,0.5625,False,0.9002066519261712,False,0.7686578949906157,False,1,False,0.9771351073776713,False,0.4756652364157058,False,1.0,False,1.0,False
c:/school programs/AI/ML_ENV/AI-Lizard-Prediction-Challenge/train/Black_spiny_tailed_iguana/Black_spiny-tailed_iguana_Black_spiny-tailed_iguana_160.jpg,0.9905452019764944,False,0.66650390625,False,0.9213474773365509,False,0.8881785249096202,False,1,False,0.8896319193585407,False,0.5209363888039318,False,1.0,False,1.0,False
c:/school programs/AI/ML_ENV/AI-Lizard-Prediction-Challenge/train/Black_spiny_tailed_iguana/Black_spiny-tailed_iguana_Black_spiny-tailed_iguana_161.jpg,0.7953342608389067,False,0.7423352902804957,False,0.9118092560693057,False,0.9562714324480427,False,1,False,0.905528697624886,False,0.5856026298031806,False,1.0,False,1.0,False
c:/school programs/AI/ML_ENV/AI-Lizard-Prediction-Challenge/train/Black_spiny_tailed_iguana/Black_spiny-tailed_iguana_Black_spiny-tailed_iguana_163.jpg,0.9292757285208094,False,0.7490234375,False,0.899301329149623,False,0.9226899768655623,False,1,False,0.9516354485372672,False,0.5722828025771726,False,1.0,False,1.0,False
c:/school programs/AI/ML_ENV/AI-Lizard-Prediction-Challenge/train/Black_spiny_tailed_iguana/Black_spiny-tailed_iguana_Black_spiny-tailed_iguana_164.jpg,0.9292757285208094,False,0.7490234375,False,0.9081352908732614,False,0.9567125609015897,False,1,False,0.9990563098186153,False,0.5808402078750665,False,1.0,False,1.0,False
c:/school programs/AI/ML_ENV/AI-Lizard-Prediction-Challenge/train/Black_spiny_tailed_iguana/Black_spiny-tailed_iguana_Black_spiny-tailed_iguana_165.jpg,0.9285714285714285,False,0.75,False,0.9397941682450601,False,0.9364730090027904,False,1,False,0.9300837572277596,False,0.48099127319710944,False,1.0,False,1.0,False
c:/school programs/AI/ML_ENV/AI-Lizard-Prediction-Challenge/train/Black_spiny_tailed_iguana/Black_spiny-tailed_iguana_Black_spiny-tailed_iguana_166.jpg,0.9285714285714285,False,0.75,False,0.9250851950266009,False,0.9795882447119119,False,1,False,0.9338317420255406,False,0.5497653429465306,False,1.0,False,1.0,False
c:/school programs/AI/ML_ENV/AI-Lizard-Prediction-Challenge/train/Black_spiny_tailed_iguana/Black_spiny-tailed_iguana_Black_spiny-tailed_iguana_167.jpg,0.926461275428192,False,0.7529296875,False,0.9127573600193047,False,0.943385667697407,False,1,False,0.959580005525854,False,0.5587476422600478,False,1.0,False,1.0,False
c:/school programs/AI/ML_ENV/AI-Lizard-Prediction-Challenge/train/Black_spiny_tailed_iguana/Black_spiny-tailed_iguana_Black_spiny-tailed_iguana_168.jpg,0.7612701511541071,False,1.0,False,0.9161010703482524,False,0.8921804660411009,False,1,False,0.8112201924829298,False,0.5269473889408329,False,1.0,False,1.0,False
c:/school programs/AI/ML_ENV/AI-Lizard-Prediction-Challenge/train/Black_spiny_tailed_iguana/Black_spiny-tailed_iguana_Black_spiny-tailed_iguana_169.jpg,0.8348608463355903,False,0.75,False,0.916074082070225,False,0.9766516772483078,False,1,False,0.9743692643363463,False,0.551890285788134,False,1.0,False,1.0,False
c:/school programs/AI/ML_ENV/AI-Lizard-Prediction-Challenge/train/Black_spiny_tailed_iguana/Black_spiny-tailed_iguana_Black_spiny-tailed_iguana_170.jpg,0.9285714285714285,False,0.75,False,0.9255691946408615,False,0.8033325318179491,False,1,False,0.9812664572142601,False,0.49698527707453066,False,1.0,False,1.0,False
c:/school programs/AI/ML_ENV/AI-Lizard-Prediction-Challenge/train/Black_spiny_tailed_iguana/Black_spiny-tailed_iguana_Black_spiny-tailed_iguana_171.jpg,0.9901718349307735,False,0.6669921875,False,0.8675770129370589,False,0.9553297355509108,False,1,False,0.8987982749762852,False,0.4948122440096884,False,1.0,False,1.0,False
c:/school programs/AI/ML_ENV/AI-Lizard-Prediction-Challenge/train/Black_spiny_tailed_iguana/Black_spiny-tailed_iguana_Black_spiny-tailed_iguana_172.jpg,0.9265414150995837,False,0.5625,False,0.9247108340602076,False,0.8241320529649877,False,1,False,0.9063684715546838,False,0.5125996147888747,False,1.0,False,1.0,False
c:/school programs/AI/ML_ENV/AI-Lizard-Prediction-Challenge/train/Black_spiny_tailed_iguana/Black_spiny-tailed_iguana_Black_spiny-tailed_iguana_173.jpg,0.9285714285714285,False,0.75,False,0.9483553112947984,False,0.9449675220844215,False,1,False,0.9857078869760306,False,0.5211349902337257,False,1.0,False,1.0,False
c:/school programs/AI/ML_ENV/AI-Lizard-Prediction-Challenge/train/Black_spiny_tailed_iguana/Black_spiny-tailed_iguana_Black_spiny-tailed_iguana_174.jpg,0.9180050126143331,False,1.0,False,0.9112185394960547,False,0.7841168456498286,False,1,False,0.9021106439869875,False,0.6729243661330474,False,1.0,False,1.0,False
c:/school programs/AI/ML_ENV/AI-Lizard-Prediction-Challenge/train/Black_spiny_tailed_iguana/Black_spiny-tailed_iguana_Black_spiny-tailed_iguana_175.jpg,0.8386823479313791,False,0.4619140625,False,0.8877183677250552,False,0.8208869303095152,False,1,False,0.8509803921568627,False,0.502413586488038,False,1.0,False,1.0,False
c:/school programs/AI/ML_ENV/AI-Lizard-Prediction-Challenge/train/Black_spiny_tailed_iguana/Black_spiny-tailed_iguana_Black_spiny-tailed_iguana_176.jpg,0.7612701511541071,False,1.0,False,0.9303860291326433,False,0.8483240366868173,False,1,False,0.9533569898904661,False,0.5201613473029265,False,1.0,False,1.0,False
c:/school programs/AI/ML_ENV/AI-Lizard-Prediction-Challenge/train/Black_spiny_tailed_iguana/Black_spiny-tailed_iguana_Black_spiny-tailed_iguana_177.jpg,0.9905452019764944,False,0.66650390625,False,0.8983688537785538,False,0.852141988577843,False,1,False,0.8982322594125023,False,0.4957675033523675,False,1.0,False,1.0,False
c:/school programs/AI/ML_ENV/AI-Lizard-Prediction-Challenge/train/Black_spiny_tailed_iguana/Black_spiny-tailed_iguana_Black_spiny-tailed_iguana_178.jpg,0.9905452019764944,False,0.66650390625,False,0.9355444694015156,False,0.885737037470925,False,1,False,0.9857331301734605,False,0.540453872233595,False,1.0,False,1.0,False
c:/school programs/AI/ML_ENV/AI-Lizard-Prediction-Challenge/train/Black_spiny_tailed_iguana/Black_spiny-tailed_iguana_Black_spiny-tailed_iguana_180.jpg,0.9901718349307735,False,0.6669921875,False,0.9273925448383432,False,0.8854752091507805,False,1,False,0.9813311189860178,False,0.5595277389459584,False,1.0,False,1.0,False
c:/school programs/AI/ML_ENV/AI-Lizard-Prediction-Challenge/train/Black_spiny_tailed_iguana/Black_spiny-tailed_iguana_Black_spiny-tailed_iguana_182.jpg,0.9285714285714285,False,0.75,False,0.8921945704518772,False,0.7428966252093923,False,1,False,0.8938716207783479,False,0.4680593272113165,False,1.0,False,1.0,False
c:/school programs/AI/ML_ENV/AI-Lizard-Prediction-Challenge/train/Black_spiny_tailed_iguana/Black_spiny-tailed_iguana_Black_spiny-tailed_iguana_183.jpg,0.9285714285714285,False,0.75,False,0.928356487885317,False,0.8209924837105438,False,1,False,0.9882177402736022,False,0.5009413812910949,False,1.0,False,1.0,False
c:/school programs/AI/ML_ENV/AI-Lizard-Prediction-Challenge/train/Black_spiny_tailed_iguana/Black_spiny-tailed_iguana_Black_spiny-tailed_iguana_184.jpg,0.9285714285714285,False,0.75,False,0.9052302865473788,False,0.730702138985577,False,1,False,0.9459688689988459,False,0.6124338720049476,False,1.0,False,1.0,False
c:/school programs/AI/ML_ENV/AI-Lizard-Prediction-Challenge/train/Black_spiny_tailed_iguana/Black_spiny-tailed_iguana_Black_spiny-tailed_iguana_185.jpg,0.9285714285714285,False,0.75,False,0.9041719788590141,False,0.9317010664131262,False,1,False,0.8270271690385007,False,0.45877156953313036,False,1.0,False,1.0,False
c:/school programs/AI/ML_ENV/AI-Lizard-Prediction-Challenge/train/Black_spiny_tailed_iguana/Black_spiny-tailed_iguana_Black_spiny-tailed_iguana_186.jpg,0.9285714285714285,False,0.75,False,0.9251714831843372,False,0.8887620255193789,False,1,False,1.0,False,0.5362545515410659,False,1.0,False,1.0,False
c:/school programs/AI/ML_ENV/AI-Lizard-Prediction-Challenge/train/Black_spiny_tailed_iguana/Black_spiny-tailed_iguana_Black_spiny-tailed_iguana_187.jpg,0.9285714285714285,False,0.75,False,0.9380501009674203,False,0.8932996016426757,False,1,False,0.9388684773095247,False,0.5208019257451374,False,1.0,False,1.0,False
c:/school programs/AI/ML_ENV/AI-Lizard-Prediction-Challenge/train/Black_spiny_tailed_iguana/Black_spiny-tailed_iguana_Black_spiny-tailed_iguana_188.jpg,0.9265414150995837,False,0.5625,False,0.9334727764224202,False,0.89071157419297,False,1,False,0.9887767579813873,False,0.49435867168902714,False,1.0,False,1.0,False
c:/school programs/AI/ML_ENV/AI-Lizard-Prediction-Challenge/train/Black_spiny_tailed_iguana/Black_spiny-tailed_iguana_Black_spiny-tailed_iguana_189.jpg,0.7612701511541071,False,1.0,False,0.8488307527806541,False,0.9836639481583473,False,1,False,0.8390101544175054,False,0.7187990602790877,False,1.0,False,1.0,False
c:/school programs/AI/ML_ENV/AI-Lizard-Prediction-Challenge/train/Black_spiny_tailed_iguana/Black_spiny-tailed_iguana_Black_spiny-tailed_iguana_19.jpg,0.9265414150995837,False,0.5625,False,0.9102395221731033,False,0.8419593733337934,False,1,False,0.9994686169859808,False,0.467665043224485,False,1.0,False,1.0,False
c:/school programs/AI/ML_ENV/AI-Lizard-Prediction-Challenge/train/Black_spiny_tailed_iguana/Black_spiny-tailed_iguana_Black_spiny-tailed_iguana_190.jpg,0.9285714285714285,False,0.75,False,0.7949172078612432,False,0.8435072992183856,False,1,False,0.9495549940150793,False,0.6928619558623371,False,1.0,False,1.0,False
c:/school programs/AI/ML_ENV/AI-Lizard-Prediction-Challenge/train/Black_spiny_tailed_iguana/Black_spiny-tailed_iguana_Black_spiny-tailed_iguana_191.jpg,0.9292757285208094,False,0.7490234375,False,0.9121722272245698,False,0.8527070099648499,False,1,False,0.9655570213091828,False,0.5151933781026399,False,1.0,False,1.0,False
c:/school programs/AI/ML_ENV/AI-Lizard-Prediction-Challenge/train/Black_spiny_tailed_iguana/Black_spiny-tailed_iguana_Black_spiny-tailed_iguana_192.jpg,0.9285714285714285,False,0.75,False,0.9143408757654952,False,0.7883918879636587,False,1,False,0.9233394084552328,False,0.40640292417221313,False,1.0,False,1.0,False
c:/school programs/AI/ML_ENV/AI-Lizard-Prediction-Challenge/train/Black_spiny_tailed_iguana/Black_spiny-tailed_iguana_Black_spiny-tailed_iguana_193.jpg,0.926461275428192,False,0.7529296875,False,0.9293870338476948,False,0.8157524106974988,False,1,False,0.9948102703774439,False,0.5469039797828852,False,1.0,False,1.0,False
c:/school programs/AI/ML_ENV/AI-Lizard-Prediction-Challenge/train/Black_spiny_tailed_iguana/Black_spiny-tailed_iguana_Black_spiny-tailed_iguana_194.jpg,0.9265414150995837,False,0.5625,False,0.9455532396554203,False,0.8962771415137964,False,1,False,1.0,False,0.4295312120128584,False,1.0,False,1.0,False
c:/school programs/AI/ML_ENV/AI-Lizard-Prediction-Challenge/train/Black_spiny_tailed_iguana/Black_spiny-tailed_iguana_Black_spiny-tailed_iguana_195.jpg,0.9285714285714285,False,0.75,False,0.9452849092007769,False,0.9432344305663573,False,1,False,0.9820403165812509,False,0.5623326802418864,False,1.0,False,1.0,False
c:/school programs/AI/ML_ENV/AI-Lizard-Prediction-Challenge/train/Black_spiny_tailed_iguana/Black_spiny-tailed_iguana_Black_spiny-tailed_iguana_196.jpg,0.9285714285714285,False,0.75,False,0.7804766660304867,False,0.768515248209696,False,1,False,0.8479259813328638,False,0.6932760567498608,False,1.0,False,1.0,False
c:/school programs/AI/ML_ENV/AI-Lizard-Prediction-Challenge/train/Black_spiny_tailed_iguana/Black_spiny-tailed_iguana_Black_spiny-tailed_iguana_198.jpg,0.9285714285714285,False,0.75,False,0.8740038605134907,False,0.7866689374399977,False,1,False,0.9782540484129283,False,0.5255115860563478,False,1.0,False,1.0,False
c:/school programs/AI/ML_ENV/AI-Lizard-Prediction-Challenge/train/Black_spiny_tailed_iguana/Black_spiny-tailed_iguana_Black_spiny-tailed_iguana_199.jpg,0.9285714285714285,False,0.75,False,0.8884238284084773,False,0.7559634594141698,False,1,False,0.9139938005454968,False,0.4674548113205489,False,1.0,False,1.0,False
c:/school programs/AI/ML_ENV/AI-Lizard-Prediction-Challenge/train/Black_spiny_tailed_iguana/Black_spiny-tailed_iguana_Black_spiny-tailed_iguana_2.jpg,0.9285714285714285,False,0.75,False,0.9397596735695594,False,0.9372549019607843,False,1,False,0.9763594786774129,False,0.5379651874011255,False,1.0,False,1.0,False
c:/school programs/AI/ML_ENV/AI-Lizard-Prediction-Challenge/train/Black_spiny_tailed_iguana/Black_spiny-tailed_iguana_Black_spiny-tailed_iguana_20.jpg,0.9285714285714285,False,0.75,False,0.9477093944327459,False,0.9454876569924127,False,1,False,0.965791450428547,False,0.5688648276453532,False,1.0,False,1.0,False
c:/school programs/AI/ML_ENV/AI-Lizard-Prediction-Challenge/train/Black_spiny_tailed_iguana/Black_spiny-tailed_iguana_Black_spiny-tailed_iguana_200.jpg,0.9285714285714285,False,0.75,False,0.9334270970135429,False,0.8091241176560221,False,1,False,0.980735218408848,False,0.5334067199361887,False,1.0,False,1.0,False
c:/school programs/AI/ML_ENV/AI-Lizard-Prediction-Challenge/train/Black_spiny_tailed_iguana/Black_spiny-tailed_iguana_Black_spiny-tailed_iguana_203.jpg,0.9905452019764944,False,0.66650390625,False,0.8448006208847176,False,0.6377910692758286,False,1,False,0.7985338833996537,False,0.4269410424679315,False,1.0,False,1.0,False
c:/school programs/AI/ML_ENV/AI-Lizard-Prediction-Challenge/train/Black_spiny_tailed_iguana/Black_spiny-tailed_iguana_Black_spiny-tailed_iguana_204.jpg,0.9285714285714285,False,0.75,False,0.8867845135682757,False,0.7769568412328722,False,1,False,0.9582177564326343,False,0.4536731478752325,False,1.0,False,1.0,False
c:/school programs/AI/ML_ENV/AI-Lizard-Prediction-Challenge/train/Black_spiny_tailed_iguana/Black_spiny-tailed_iguana_Black_spiny-tailed_iguana_205.jpg,0.9285714285714285,False,0.75,False,0.9309512957252939,False,0.9090267075116298,False,1,False,0.9922136851123653,False,0.4425985304079517,False,1.0,False,1.0,False
c:/school programs/AI/ML_ENV/AI-Lizard-Prediction-Challenge/train/Black_spiny_tailed_iguana/Black_spiny-tailed_iguana_Black_spiny-tailed_iguana_206.jpg,0.9285714285714285,False,0.75,False,0.9354713128532057,False,0.9163475085187146,False,1,False,0.9640915388043586,False,0.5640280436559578,False,1.0,False,1.0,False
c:/school programs/AI/ML_ENV/AI-Lizard-Prediction-Challenge/train/Black_spiny_tailed_iguana/Black_spiny-tailed_iguana_Black_spiny-tailed_iguana_207.jpg,0.9285714285714285,False,0.75,False,0.9134856311916986,False,0.7382387750837311,False,1,False,0.9498603389924892,False,0.6141455625041213,False,1.0,False,1.0,False
c:/school programs/AI/ML_ENV/AI-Lizard-Prediction-Challenge/train/Black_spiny_tailed_iguana/Black_spiny-tailed_iguana_Black_spiny-tailed_iguana_209.jpg,0.9905452019764944,False,0.66650390625,False,0.8612838596000327,False,0.871296770289371,False,1,False,0.8549019607843136,False,0.5184339156844467,False,1.0,False,1.0,False
c:/school programs/AI/ML_ENV/AI-Lizard-Prediction-Challenge/train/Black_spiny_tailed_iguana/Black_spiny-tailed_iguana_Black_spiny-tailed_iguana_215.jpg,0.9285714285714285,False,0.75,False,0.9423900861850751,False,0.8976499136451022,False,1,False,0.9547620785735289,False,0.5442836771519932,False,1.0,False,1.0,False
c:/school programs/AI/ML_ENV/AI-Lizard-Prediction-Challenge/train/Black_spiny_tailed_iguana/Black_spiny-tailed_iguana_Black_spiny-tailed_iguana_217.jpg,0.9285714285714285,False,0.75,False,0.9223227687471426,False,0.86414857608031,False,1,False,0.9342405954549815,False,0.5335002338644598,False,1.0,False,1.0,False
c:/school programs/AI/ML_ENV/AI-Lizard-Prediction-Challenge/train/Black_spiny_tailed_iguana/Black_spiny-tailed_iguana_Black_spiny-tailed_iguana_218.jpg,0.9905452019764944,False,0.66650390625,False,0.9062138352619735,False,0.7931760095776477,False,1,False,0.9182911766542828,False,0.5221281443271922,False,1.0,False,1.0,False
c:/school programs/AI/ML_ENV/AI-Lizard-Prediction-Challenge/train/Black_spiny_tailed_iguana/Black_spiny-tailed_iguana_Black_spiny-tailed_iguana_22.jpg,0.9285714285714285,False,0.75,False,0.8752126913867855,False,0.784707560990865,False,1,False,0.9009528717882959,False,0.5848042869112449,False,1.0,False,1.0,False
c:/school programs/AI/ML_ENV/AI-Lizard-Prediction-Challenge/train/Black_spiny_tailed_iguana/Black_spiny-tailed_iguana_Black_spiny-tailed_iguana_23.jpg,0.9285714285714285,False,0.75,False,0.948451354894425,False,0.922000009858142,False,1,False,0.9631805652266329,False,0.4955695120992548,False,1.0,False,1.0,False
c:/school programs/AI/ML_ENV/AI-Lizard-Prediction-Challenge/train/Black_spiny_tailed_iguana/Black_spiny-tailed_iguana_Black_spiny-tailed_iguana_24.jpg,0.9285714285714285,False,0.75,False,0.9467894604395041,False,0.9573505297053203,False,1,False,0.9867058581947938,False,0.4974848035977105,False,1.0,False,1.0,False
c:/school programs/AI/ML_ENV/AI-Lizard-Prediction-Challenge/train/Black_spiny_tailed_iguana/Black_spiny-tailed_iguana_Black_spiny-tailed_iguana_25.jpg,0.9285714285714285,False,0.75,False,0.9106707784963511,False,0.9406103063062966,False,1,False,0.881928412033724,False,0.5306177440110649,False,1.0,False,1.0,False
c:/school programs/AI/ML_ENV/AI-Lizard-Prediction-Challenge/train/Black_spiny_tailed_iguana/Black_spiny-tailed_iguana_Black_spiny-tailed_iguana_27.jpg,0.9285714285714285,False,0.75,False,0.9274662922535927,False,0.9673837217470448,False,1,False,0.9130709176053639,False,0.5706679181501141,False,1.0,False,1.0,False
c:/school programs/AI/ML_ENV/AI-Lizard-Prediction-Challenge/train/Black_spiny_tailed_iguana/Black_spiny-tailed_iguana_Black_spiny-tailed_iguana_29.jpg,0.9285714285714285,False,0.75,False,0.7382094133922926,False,0.7404447130448557,False,1,False,0.9012315807651198,False,0.8740241298860238,False,1.0,False,1.0,False
c:/school programs/AI/ML_ENV/AI-Lizard-Prediction-Challenge/train/Black_spiny_tailed_iguana/Black_spiny-tailed_iguana_Black_spiny-tailed_iguana_30.jpg,0.9285714285714285,False,0.75,False,0.9396748048424464,False,0.9558658854263037,False,1,False,0.960265630301417,False,0.5246599022882535,False,1.0,False,1.0,False
c:/school programs/AI/ML_ENV/AI-Lizard-Prediction-Challenge/train/Black_spiny_tailed_iguana/Black_spiny-tailed_iguana_Black_spiny-tailed_iguana_31.jpg,0.9285714285714285,False,0.75,False,0.946660225893872,False,0.8964917171520539,False,1,False,0.9867496769844087,False,0.5471492132899899,False,1.0,False,1.0,False
c:/school programs/AI/ML_ENV/AI-Lizard-Prediction-Challenge/train/Black_spiny_tailed_iguana/Black_spiny-tailed_iguana_Black_spiny-tailed_iguana_32.jpg,0.9285714285714285,False,0.75,False,0.9230153791065263,False,0.8745098039215686,False,1,False,0.9059668494673069,False,0.5224552789738326,False,1.0,False,1.0,False
c:/school programs/AI/ML_ENV/AI-Lizard-Prediction-Challenge/train/Black_spiny_tailed_iguana/Black_spiny-tailed_iguana_Black_spiny-tailed_iguana_34.jpg,0.6926699762643795,False,0.9802405498281787,False,0.9372720500563919,False,0.8665691821192609,False,1,False,0.9781263306958163,False,0.5876351800487951,False,1.0,False,1.0,False
c:/school programs/AI/ML_ENV/AI-Lizard-Prediction-Challenge/train/Black_spiny_tailed_iguana/Black_spiny-tailed_iguana_Black_spiny-tailed_iguana_35.jpg,0.7682423398357787,False,0.7014435695538058,False,0.9351715651630986,False,0.8019700351607525,False,1,False,0.9825130314545886,False,0.5235820376779063,False,1.0,False,1.0,False
c:/school programs/AI/ML_ENV/AI-Lizard-Prediction-Challenge/train/Black_spiny_tailed_iguana/Black_spiny-tailed_iguana_Black_spiny-tailed_iguana_36.jpg,0.9285714285714285,False,0.75,False,0.9412943318593312,False,0.8880968865264466,False,1,False,0.9798608128762648,False,0.5274751824492581,False,1.0,False,1.0,False
c:/school programs/AI/ML_ENV/AI-Lizard-Prediction-Challenge/train/Black_spiny_tailed_iguana/Black_spiny-tailed_iguana_Black_spiny-tailed_iguana_37.jpg,0.7503723730880969,False,0.75,False,0.8080643758457543,False,0.9875105580921504,False,1,False,0.9855099675770772,False,0.7519607454945753,False,1.0,False,1.0,False
c:/school programs/AI/ML_ENV/AI-Lizard-Prediction-Challenge/train/Black_spiny_tailed_iguana/Black_spiny-tailed_iguana_Black_spiny-tailed_iguana_38.jpg,0.9285714285714285,False,0.75,False,0.9238108223345652,False,0.9216694766019702,False,1,False,0.9253744360970483,False,0.5494156024298718,False,1.0,False,1.0,False
c:/school programs/AI/ML_ENV/AI-Lizard-Prediction-Challenge/train/Black_spiny_tailed_iguana/Black_spiny-tailed_iguana_Black_spiny-tailed_iguana_39.jpg,0.9285714285714285,False,0.75,False,0.9174990890996843,False,0.9426043899295136,False,1,False,0.9459856730713512,False,0.5369254951428426,False,1.0,False,1.0,False
c:/school programs/AI/ML_ENV/AI-Lizard-Prediction-Challenge/train/Black_spiny_tailed_iguana/Black_spiny-tailed_iguana_Black_spiny-tailed_iguana_42.jpg,0.9285714285714285,False,0.75,False,0.8675984524230135,False,0.9367944590440398,False,1,False,0.8979983979078896,False,0.7037917744605926,False,1.0,False,1.0,False
c:/school programs/AI/ML_ENV/AI-Lizard-Prediction-Challenge/train/Black_spiny_tailed_iguana/Black_spiny-tailed_iguana_Black_spiny-tailed_iguana_43.jpg,0.9285714285714285,False,0.75,False,0.9451416991564126,False,0.9474256718832095,False,1,False,0.941058758978857,False,0.608789071375824,False,1.0,False,1.0,False
c:/school programs/AI/ML_ENV/AI-Lizard-Prediction-Challenge/train/Black_spiny_tailed_iguana/Black_spiny-tailed_iguana_Black_spiny-tailed_iguana_45.jpg,0.9215534934239695,False,0.759765625,False,0.893740104090038,False,0.9194230722116384,False,1,False,0.8501137631087006,False,0.5830419060345016,False,1.0,False,1.0,False
c:/school programs/AI/ML_ENV/AI-Lizard-Prediction-Challenge/train/Black_spiny_tailed_iguana/Black_spiny-tailed_iguana_Black_spiny-tailed_iguana_46.jpg,0.9285714285714285,False,0.75,False,0.9196862847604432,False,0.8151485524262067,False,1,False,0.9807038484918631,False,0.47994194723024075,False,1.0,False,1.0,False
c:/school programs/AI/ML_ENV/AI-Lizard-Prediction-Challenge/train/Black_spiny_tailed_iguana/Black_spiny-tailed_iguana_Black_spiny-tailed_iguana_47.jpg,0.9905452019764944,False,0.66650390625,False,0.8594007417625378,False,0.7249703801209004,False,1,False,0.8352555638713731,False,0.35875822438354166,False,1.0,False,1.0,False
c:/school programs/AI/ML_ENV/AI-Lizard-Prediction-Challenge/train/Black_spiny_tailed_iguana/Black_spiny-tailed_iguana_Black_spiny-tailed_iguana_48.jpg,0.5740450170092777,False,0.7185840707964601,False,0.7827852706210454,False,0.6791388749145048,False,1,False,0.8500400792663404,False,0.758292199382555,False,1.0,False,1.0,False
c:/school programs/AI/ML_ENV/AI-Lizard-Prediction-Challenge/train/Black_spiny_tailed_iguana/Black_spiny-tailed_iguana_Black_spiny-tailed_iguana_49.jpg,0.9285714285714285,False,0.75,False,0.932120194920853,False,0.9070757854478471,False,1,False,0.9653887986130275,False,0.4418913817324366,False,1.0,False,1.0,False
c:/school programs/AI/ML_ENV/AI-Lizard-Prediction-Challenge/train/Black_spiny_tailed_iguana/Black_spiny-tailed_iguana_Black_spiny-tailed_iguana_50.jpg,0.9285714285714285,False,0.75,False,0.9093422895055364,False,0.8085933411947575,False,1,False,0.8567266011105091,False,0.46882895900443755,False,1.0,False,1.0,False
c:/school programs/AI/ML_ENV/AI-Lizard-Prediction-Challenge/train/Black_spiny_tailed_iguana/Black_spiny-tailed_iguana_Black_spiny-tailed_iguana_51.jpg,0.9905452019764944,False,0.66650390625,False,0.9333541266058041,False,0.9574487214840157,False,1,False,0.9962421974376521,False,0.5980426599383545,False,1.0,False,1.0,False
c:/school programs/AI/ML_ENV/AI-Lizard-Prediction-Challenge/train/Black_spiny_tailed_iguana/Black_spiny-tailed_iguana_Black_spiny-tailed_iguana_52.jpg,0.867293209368888,False,0.83740234375,False,0.9328729908309461,False,0.8869309683388078,False,1,False,0.9497993798566953,False,0.5271845194093074,False,1.0,False,1.0,False
c:/school programs/AI/ML_ENV/AI-Lizard-Prediction-Challenge/train/Black_spiny_tailed_iguana/Black_spiny-tailed_iguana_Black_spiny-tailed_iguana_53.jpg,0.9285714285714285,False,0.75,False,0.9137073037628675,False,0.827730574116605,False,1,False,0.9311725770875541,False,0.5268507673043323,False,1.0,False,1.0,False
c:/school programs/AI/ML_ENV/AI-Lizard-Prediction-Challenge/train/Black_spiny_tailed_iguana/Black_spiny-tailed_iguana_Black_spiny-tailed_iguana_54.jpg,0.9285714285714285,False,0.75,False,0.901035747375042,False,0.9058953440338375,False,1,False,0.9134792986519967,False,0.5342660797686392,False,1.0,False,1.0,False
c:/school programs/AI/ML_ENV/AI-Lizard-Prediction-Challenge/train/Black_spiny_tailed_iguana/Black_spiny-tailed_iguana_Black_spiny-tailed_iguana_55.jpg,0.9285714285714285,False,0.75,False,0.9468699161189131,False,0.9636242007688633,False,1,False,0.9701916321802789,False,0.6053016659116561,False,1.0,False,1.0,False
c:/school programs/AI/ML_ENV/AI-Lizard-Prediction-Challenge/train/Black_spiny_tailed_iguana/Black_spiny-tailed_iguana_Black_spiny-tailed_iguana_56.jpg,0.9541817283572837,False,0.59619140625,False,0.9239050292042169,False,0.7973688263338283,False,1,False,0.8968799778860018,False,0.5532723150508186,False,1.0,False,1.0,False
c:/school programs/AI/ML_ENV/AI-Lizard-Prediction-Challenge/train/Black_spiny_tailed_iguana/Black_spiny-tailed_iguana_Black_spiny-tailed_iguana_57.jpg,0.9285714285714285,False,0.75,False,0.9258196595507807,False,0.8865317988168555,False,1,False,0.9664316223811064,False,0.5825722860951388,False,1.0,False,1.0,False
c:/school programs/AI/ML_ENV/AI-Lizard-Prediction-Challenge/train/Black_spiny_tailed_iguana/Black_spiny-tailed_iguana_Black_spiny-tailed_iguana_59.jpg,0.9285714285714285,False,0.75,False,0.9161694755656047,False,0.7888676471157291,False,1,False,0.9923886344801839,False,0.6699445236613896,False,1.0,False,1.0,False
c:/school programs/AI/ML_ENV/AI-Lizard-Prediction-Challenge/train/Black_spiny_tailed_iguana/Black_spiny-tailed_iguana_Black_spiny-tailed_iguana_60.jpg,0.9269478222791533,False,0.56298828125,False,0.9448971604970361,False,0.9437154480504784,False,1,False,0.9714348139978215,False,0.5567475903696378,False,1.0,False,1.0,False
c:/school programs/AI/ML_ENV/AI-Lizard-Prediction-Challenge/train/Black_spiny_tailed_iguana/Black_spiny-tailed_iguana_Black_spiny-tailed_iguana_62.jpg,0.9285714285714285,False,0.75,False,0.9077082193173104,False,0.9336912723210772,False,1,False,0.9848088669490016,False,0.5265920072605159,False,1.0,False,1.0,False
c:/school programs/AI/ML_ENV/AI-Lizard-Prediction-Challenge/train/Black_spiny_tailed_iguana/Black_spiny-tailed_iguana_Black_spiny-tailed_iguana_63.jpg,0.9265414150995837,False,0.5625,False,0.9170538267722395,False,0.7757611876086146,False,1,False,0.9616365407997489,False,0.5364857435320141,False,1.0,False,1.0,False
c:/school programs/AI/ML_ENV/AI-Lizard-Prediction-Challenge/train/Black_spiny_tailed_iguana/Black_spiny-tailed_iguana_Black_spiny-tailed_iguana_64.jpg,0.9285714285714285,False,0.75,False,0.93252915658889,False,0.8514927279815284,False,1,False,0.9894780856433727,False,0.4972521650635837,False,1.0,False,1.0,False
c:/school programs/AI/ML_ENV/AI-Lizard-Prediction-Challenge/train/Black_spiny_tailed_iguana/Black_spiny-tailed_iguana_Black_spiny-tailed_iguana_65.jpg,0.8680060837721508,False,0.5625,False,0.7799998312569967,False,0.8893442008643336,False,1,False,0.8286200829270706,False,0.5629354903530277,False,1.0,False,1.0,False
c:/school programs/AI/ML_ENV/AI-Lizard-Prediction-Challenge/train/Black_spiny_tailed_iguana/Black_spiny-tailed_iguana_Black_spiny-tailed_iguana_66.jpg,0.9905452019764944,False,0.66650390625,False,0.9255155250733585,False,0.8903093020724109,False,1,False,0.9603424754361718,False,0.49522673625882885,False,1.0,False,1.0,False
c:/school programs/AI/ML_ENV/AI-Lizard-Prediction-Challenge/train/Black_spiny_tailed_iguana/Black_spiny-tailed_iguana_Black_spiny-tailed_iguana_67.jpg,0.926461275428192,False,0.7529296875,False,0.9247646785394696,False,0.8759382773204498,False,1,False,0.8866158201029053,False,0.4969664490161313,False,1.0,False,1.0,False
c:/school programs/AI/ML_ENV/AI-Lizard-Prediction-Challenge/train/Black_spiny_tailed_iguana/Black_spiny-tailed_iguana_Black_spiny-tailed_iguana_68.jpg,0.9282194505449995,False,0.75048828125,False,0.6594463595137802,False,1.0,False,1,False,0.8910577586542736,False,0.8536376914423789,False,1.0,False,1.0,False
c:/school programs/AI/ML_ENV/AI-Lizard-Prediction-Challenge/train/Black_spiny_tailed_iguana/Black_spiny-tailed_iguana_Black_spiny-tailed_iguana_69.jpg,0.7503723730880969,False,0.75,False,0.9040628076541231,False,0.97440353974876,False,1,False,0.9572578660258871,False,0.6246717930929117,False,1.0,False,1.0,False
c:/school programs/AI/ML_ENV/AI-Lizard-Prediction-Challenge/train/Black_spiny_tailed_iguana/Black_spiny-tailed_iguana_Black_spiny-tailed_iguana_71.jpg,0.9285714285714285,False,0.75,False,0.9298096233738322,False,0.8030656719473426,False,1,False,0.9710223073724107,False,0.4697043237398907,False,1.0,False,1.0,False
c:/school programs/AI/ML_ENV/AI-Lizard-Prediction-Challenge/train/Black_spiny_tailed_iguana/Black_spiny-tailed_iguana_Black_spiny-tailed_iguana_73.jpg,0.7612701511541071,False,1.0,False,0.9328182138669044,False,0.9593176236216552,False,1,False,0.989629385500403,False,0.5095856141613881,False,1.0,False,1.0,False
c:/school programs/AI/ML_ENV/AI-Lizard-Prediction-Challenge/train/Black_spiny_tailed_iguana/Black_spiny-tailed_iguana_Black_spiny-tailed_iguana_74.jpg,0.7612701511541071,False,1.0,False,0.9324654386780935,False,0.9021231147831815,False,1,False,0.9909143657636701,False,0.5439568700352633,False,1.0,False,1.0,False
c:/school programs/AI/ML_ENV/AI-Lizard-Prediction-Challenge/train/Black_spiny_tailed_iguana/Black_spiny-tailed_iguana_Black_spiny-tailed_iguana_75.jpg,0.9285714285714285,False,0.75,False,0.8711010820086295,False,0.8267589634428238,False,1,False,0.7495335368586366,False,0.44715306815627454,False,1.0,False,1.0,False
c:/school programs/AI/ML_ENV/AI-Lizard-Prediction-Challenge/train/Black_spiny_tailed_iguana/Black_spiny-tailed_iguana_Black_spiny-tailed_iguana_76.jpg,0.9285714285714285,False,0.75,False,0.934235355051505,False,0.8847160201869406,False,1,False,0.9939764760343426,False,0.6133273042892091,False,1.0,False,1.0,False
c:/school programs/AI/ML_ENV/AI-Lizard-Prediction-Challenge/train/Black_spiny_tailed_iguana/Black_spiny-tailed_iguana_Black_spiny-tailed_iguana_78.jpg,0.5484454812351891,False,0.6128205128205129,False,0.9206313881182636,False,0.8494826555751703,False,1,False,0.9454672373006479,False,0.490370366896551,False,1.0,False,1.0,False
c:/school programs/AI/ML_ENV/AI-Lizard-Prediction-Challenge/train/Black_spiny_tailed_iguana/Black_spiny-tailed_iguana_Black_spiny-tailed_iguana_79.jpg,0.9285714285714285,False,0.75,False,0.92620010042615,False,0.8836545863111558,False,1,False,0.9798667454853809,False,0.5440354166164736,False,1.0,False,1.0,False
c:/school programs/AI/ML_ENV/AI-Lizard-Prediction-Challenge/train/Black_spiny_tailed_iguana/Black_spiny-tailed_iguana_Black_spiny-tailed_iguana_8.jpg,0.9285714285714285,False,0.75,False,0.9386448784947418,False,0.9055238852657116,False,1,False,0.9394214355668389,False,0.48724943672577137,False,1.0,False,1.0,False
c:/school programs/AI/ML_ENV/AI-Lizard-Prediction-Challenge/train/Black_spiny_tailed_iguana/Black_spiny-tailed_iguana_Black_spiny-tailed_iguana_80.jpg,0.9285714285714285,False,0.75,False,0.9074016446440241,False,0.9158572641281495,False,1,False,0.9974723842027972,False,0.5168385924071255,False,1.0,False,1.0,False
c:/school programs/AI/ML_ENV/AI-Lizard-Prediction-Challenge/train/Black_spiny_tailed_iguana/Black_spiny-tailed_iguana_Black_spiny-tailed_iguana_81.jpg,0.9269478222791533,False,0.56298828125,False,0.9179351898757585,False,0.923884484477926,False,1,False,0.9217027186551621,False,0.5323995145134601,False,1.0,False,1.0,False
c:/school programs/AI/ML_ENV/AI-Lizard-Prediction-Challenge/train/Black_spiny_tailed_iguana/Black_spiny-tailed_iguana_Black_spiny-tailed_iguana_82.jpg,0.5307023426446142,False,0.75,False,0.8684583685512689,False,0.7029948796359037,False,1,False,1.0,False,0.45116540335750965,False,1.0,False,1.0,False
c:/school programs/AI/ML_ENV/AI-Lizard-Prediction-Challenge/train/Black_spiny_tailed_iguana/Black_spiny-tailed_iguana_Black_spiny-tailed_iguana_83.jpg,0.9285714285714285,False,0.75,False,0.9097065767804713,False,0.7333637848990064,False,1,False,0.9126171852832267,False,0.5331112369312072,False,1.0,False,1.0,False
c:/school programs/AI/ML_ENV/AI-Lizard-Prediction-Challenge/train/Black_spiny_tailed_iguana/Black_spiny-tailed_iguana_Black_spiny-tailed_iguana_84.jpg,0.9285714285714285,False,0.75,False,0.9245072214224932,False,0.8136335005262337,False,1,False,0.9167385145377654,False,0.4987265896566767,False,1.0,False,1.0,False
c:/school programs/AI/ML_ENV/AI-Lizard-Prediction-Challenge/train/Black_spiny_tailed_iguana/Black_spiny-tailed_iguana_Black_spiny-tailed_iguana_86.jpg,0.9473950074403601,False,0.7088471849865952,False,0.9423595481292486,False,0.8898707899484682,False,1,False,0.961290438919725,False,0.5491344414004917,False,1.0,False,1.0,False
c:/school programs/AI/ML_ENV/AI-Lizard-Prediction-Challenge/train/Black_spiny_tailed_iguana/Black_spiny-tailed_iguana_Black_spiny-tailed_iguana_88.jpg,0.9285714285714285,False,0.75,False,0.8652179817983612,False,0.9220769413091343,False,1,False,0.952846691031142,False,0.6161635783171792,False,1.0,False,1.0,False
c:/school programs/AI/ML_ENV/AI-Lizard-Prediction-Challenge/train/Black_spiny_tailed_iguana/Black_spiny-tailed_iguana_Black_spiny-tailed_iguana_89.jpg,0.9285714285714285,False,0.75,False,0.9035086948029429,False,0.9588405263838528,False,1,False,0.9531969397756652,False,0.5795096727715112,False,1.0,False,1.0,False
c:/school programs/AI/ML_ENV/AI-Lizard-Prediction-Challenge/train/Black_spiny_tailed_iguana/Black_spiny-tailed_iguana_Black_spiny-tailed_iguana_90.jpg,0.9285714285714285,False,0.75,False,0.9078384300276721,False,0.9490196078431372,False,1,False,0.9172750125636188,False,0.5160370121270312,False,1.0,False,1.0,False
c:/school programs/AI/ML_ENV/AI-Lizard-Prediction-Challenge/train/Black_spiny_tailed_iguana/Black_spiny-tailed_iguana_Black_spiny-tailed_iguana_91.jpg,0.8273928556640802,False,0.44970703125,False,0.9458305001977229,False,0.932470064450575,False,1,False,0.9786331828496285,False,0.5748151336078395,False,1.0,False,1.0,False
c:/school programs/AI/ML_ENV/AI-Lizard-Prediction-Challenge/train/Black_spiny_tailed_iguana/Black_spiny-tailed_iguana_Black_spiny-tailed_iguana_92.jpg,0.9905452019764944,False,0.66650390625,False,0.9247428428218302,False,0.930921148420907,False,1,False,0.8683447067819509,False,0.548774771858738,False,1.0,False,1.0,False
c:/school programs/AI/ML_ENV/AI-Lizard-Prediction-Challenge/train/Black_spiny_tailed_iguana/Black_spiny-tailed_iguana_Black_spiny-tailed_iguana_93.jpg,0.9285714285714285,False,0.75,False,0.9253564017804948,False,0.7903794827654632,False,1,False,0.979730623869614,False,0.4838767508942653,False,1.0,False,1.0,False
c:/school programs/AI/ML_ENV/AI-Lizard-Prediction-Challenge/train/Black_spiny_tailed_iguana/Black_spiny-tailed_iguana_Black_spiny-tailed_iguana_94.jpg,0.9285714285714285,False,0.75,False,0.9217443531699012,False,0.850685997708598,False,1,False,0.9972918423605541,False,0.48374010336078954,False,1.0,False,1.0,False
c:/school programs/AI/ML_ENV/AI-Lizard-Prediction-Challenge/train/Black_spiny_tailed_iguana/Black_spiny-tailed_iguana_Black_spiny-tailed_iguana_97.jpg,0.8348608463355903,False,0.75,False,0.9426337973421148,False,0.8980392156862745,False,1,False,0.9894215102921682,False,0.5621485605399542,False,1.0,False,1.0,False
c:/school programs/AI/ML_ENV/AI-Lizard-Prediction-Challenge/train/Black_spiny_tailed_iguana/Black_spiny-tailed_iguana_Black_spiny-tailed_iguana_98.jpg,0.9285714285714285,False,0.75,False,0.9292723189048812,False,0.8114779961281238,False,1,False,0.9989411387528347,False,0.5194712448289232,False,1.0,False,1.0,False
c:/school programs/AI/ML_ENV/AI-Lizard-Prediction-Challenge/train/Black_spiny_tailed_iguana/Black_spiny-tailed_iguana_Black_spiny-tailed_iguana_99.jpg,0.9285714285714285,False,0.75,False,0.9020687777169822,False,0.8808896233962521,False,1,False,0.9640668695031015,False,0.43752760223854736,False,1.0,False,1.0,False
c:/school programs/AI/ML_ENV/AI-Lizard-Prediction-Challenge/train/Black_spiny_tailed_iguana/Black_spiny-tailed_iguana_Ctenosaura_similis_1.jpg,0.9285714285714285,False,0.75,False,0.9323141976266691,False,0.7888609096021281,False,1,False,0.991748990021163,False,0.5203020368905854,False,0.5,True,1.0,False
c:/school programs/AI/ML_ENV/AI-Lizard-Prediction-Challenge/train/Brown_anole/Brown_anole_Anolis_carolinensis_1.jpg,0.9285714285714285,False,0.75,False,0.8988129250837821,False,0.8627988900927376,False,1,False,0.8879315327020593,False,0.446591357728808,False,0.5,True,1.0,False
c:/school programs/AI/ML_ENV/AI-Lizard-Prediction-Challenge/train/Brown_anole/Brown_anole_Anolis_carolinensis_10.jpg,0.9905452019764944,False,0.66650390625,False,0.9191091299021834,False,0.7483500047533262,False,1,False,0.9847260522215685,False,0.4985682676875418,False,0.5,True,1.0,False
c:/school programs/AI/ML_ENV/AI-Lizard-Prediction-Challenge/train/Brown_anole/Brown_anole_Anolis_carolinensis_12.jpg,0.9285714285714285,False,0.75,False,0.9268631210906135,False,0.804427436865545,False,1,False,0.9383949174764925,False,0.5765297924733923,False,0.5,True,1.0,False
c:/school programs/AI/ML_ENV/AI-Lizard-Prediction-Challenge/train/Brown_anole/Brown_anole_Anolis_carolinensis_13.jpg,0.9285714285714285,False,0.75,False,0.9248343445930605,False,0.8847974887069401,False,1,False,0.9262062949097724,False,0.5810462203361471,False,0.5,True,1.0,False
c:/school programs/AI/ML_ENV/AI-Lizard-Prediction-Challenge/train/Brown_anole/Brown_anole_Anolis_carolinensis_14.jpg,0.9265414150995837,False,0.5625,False,0.927960266005523,False,0.9767890836908737,False,1,False,0.9117101526988522,False,0.5757922948233603,False,0.5,True,1.0,False
c:/school programs/AI/ML_ENV/AI-Lizard-Prediction-Challenge/train/Brown_anole/Brown_anole_Anolis_carolinensis_16.jpg,0.9265414150995837,False,0.5625,False,0.9462203548291113,False,0.91743891849103,False,1,False,0.9866585616425732,False,0.562985023109524,False,0.5,True,1.0,False
c:/school programs/AI/ML_ENV/AI-Lizard-Prediction-Challenge/train/Brown_anole/Brown_anole_Anolis_carolinensis_17.jpg,0.9285714285714285,False,0.75,False,0.876643372874041,False,0.8062424413301129,False,1,False,0.836457295611543,False,0.4387768539426852,False,0.5,True,1.0,False
c:/school programs/AI/ML_ENV/AI-Lizard-Prediction-Challenge/train/Brown_anole/Brown_anole_Anolis_carolinensis_18.jpg,0.9285714285714285,False,0.75,False,0.889162823310133,False,0.659223967247886,False,1,False,0.9530706648780476,False,0.6168836691624087,False,0.5,True,1.0,False
c:/school programs/AI/ML_ENV/AI-Lizard-Prediction-Challenge/train/Brown_anole/Brown_anole_Anolis_carolinensis_19.jpg,0.9285714285714285,False,0.75,False,0.9381043721753548,False,0.9518900081196893,False,1,False,0.9445206274540935,False,0.5518837706022757,False,0.5,True,1.0,False
c:/school programs/AI/ML_ENV/AI-Lizard-Prediction-Challenge/train/Brown_anole/Brown_anole_Anolis_carolinensis_2.jpg,0.8033424205456996,False,1.0,False,0.9271089859257929,False,0.8981306594069428,False,1,False,0.8421312648760967,False,0.5728037563255063,False,0.5,True,1.0,False
c:/school programs/AI/ML_ENV/AI-Lizard-Prediction-Challenge/train/Brown_anole/Brown_anole_Anolis_carolinensis_20.jpg,0.9285714285714285,False,0.75,False,0.9250235556371253,False,0.8570940897211797,False,1,False,0.9049110147614947,False,0.4678181549229866,False,0.5,True,1.0,False
c:/school programs/AI/ML_ENV/AI-Lizard-Prediction-Challenge/train/Brown_anole/Brown_anole_Anolis_carolinensis_3.jpg,0.9285714285714285,False,0.75,False,0.9255076533851242,False,0.8328812130076861,False,1,False,0.9462592817087268,False,0.5906691799695992,False,0.5,True,1.0,False
c:/school programs/AI/ML_ENV/AI-Lizard-Prediction-Challenge/train/Brown_anole/Brown_anole_Anolis_carolinensis_5.jpg,0.9285714285714285,False,0.75,False,0.8982340496144892,False,0.715833384915123,False,1,False,0.9382006222208357,False,0.4215948249644238,False,0.5,True,1.0,False
c:/school programs/AI/ML_ENV/AI-Lizard-Prediction-Challenge/train/Brown_anole/Brown_anole_Anolis_carolinensis_6.jpg,0.8789940044604931,False,0.5068359375,False,0.8342034933366924,False,0.622181090960654,False,1,False,0.7808307369423547,False,0.4295350703599007,False,0.5,True,1.0,False
c:/school programs/AI/ML_ENV/AI-Lizard-Prediction-Challenge/train/Brown_anole/Brown_anole_Anolis_carolinensis_7.jpg,0.9285714285714285,False,0.75,False,0.9114150643720751,False,0.8577880566478762,False,1,False,0.9358511105074686,False,0.513124773112198,False,0.5,True,1.0,False
c:/school programs/AI/ML_ENV/AI-Lizard-Prediction-Challenge/train/Brown_anole/Brown_anole_Anolis_carolinensis_8.jpg,0.9265414150995837,False,0.5625,False,0.9285534510872693,False,0.8673820807914927,False,1,False,0.9406452095380254,False,0.43002651562675664,False,0.5,True,1.0,False
c:/school programs/AI/ML_ENV/AI-Lizard-Prediction-Challenge/train/Brown_anole/Brown_anole_Anolis_carolinensis_9.jpg,0.9285714285714285,False,0.75,False,0.7954755915295479,False,0.7617503272312962,False,1,False,0.8697905990952707,False,0.7757053228112234,False,0.5,True,1.0,False
c:/school programs/AI/ML_ENV/AI-Lizard-Prediction-Challenge/train/Brown_anole/Brown_anole_Brown_anole_1.jpg,0.9285714285714285,False,0.75,False,0.9193538756237172,False,0.8439217656913255,False,1,False,0.9813335401935493,False,0.5633157885785449,False,1.0,False,1.0,False
c:/school programs/AI/ML_ENV/AI-Lizard-Prediction-Challenge/train/Brown_anole/Brown_anole_Brown_anole_10.jpg,0.9285714285714285,False,0.75,False,0.9441002377562591,False,0.8967255069485564,False,1,False,0.9916971111800984,False,0.5850156285480184,False,1.0,False,1.0,False
c:/school programs/AI/ML_ENV/AI-Lizard-Prediction-Challenge/train/Brown_anole/Brown_anole_Brown_anole_100.jpg,0.9265414150995837,False,0.5625,False,0.938757571463289,False,0.84607460976394,False,1,False,0.9937199421050067,False,0.46959536205459307,False,1.0,False,1.0,False
c:/school programs/AI/ML_ENV/AI-Lizard-Prediction-Challenge/train/Brown_anole/Brown_anole_Brown_anole_101.jpg,0.9285714285714285,False,0.75,False,0.8799568631210724,False,0.8811597759737998,False,1,False,0.9712574361645232,False,0.5414209281025926,False,1.0,False,1.0,False
c:/school programs/AI/ML_ENV/AI-Lizard-Prediction-Challenge/train/Brown_anole/Brown_anole_Brown_anole_102.jpg,0.9905452019764944,False,0.66650390625,False,0.9031009835863618,False,0.8543552430308498,False,1,False,0.7815977779556376,False,0.5246649955610482,False,1.0,False,1.0,False
c:/school programs/AI/ML_ENV/AI-Lizard-Prediction-Challenge/train/Brown_anole/Brown_anole_Brown_anole_103.jpg,0.9905452019764944,False,0.66650390625,False,0.9129891438019716,False,0.9158156944037227,False,1,False,0.7804515988791377,False,0.4951459486953227,False,1.0,False,1.0,False
c:/school programs/AI/ML_ENV/AI-Lizard-Prediction-Challenge/train/Brown_anole/Brown_anole_Brown_anole_104.jpg,0.9265414150995837,False,0.5625,False,0.9139329470121589,False,0.8383491071798307,False,1,False,0.9866585616425732,False,0.5108162538167591,False,1.0,False,1.0,False
c:/school programs/AI/ML_ENV/AI-Lizard-Prediction-Challenge/train/Brown_anole/Brown_anole_Brown_anole_105.jpg,0.9265414150995837,False,0.5625,False,0.9096225442852269,False,0.8437580421139208,False,1,False,0.9873244168139005,False,0.5767800715515596,False,1.0,False,1.0,False
c:/school programs/AI/ML_ENV/AI-Lizard-Prediction-Challenge/train/Brown_anole/Brown_anole_Brown_anole_106.jpg,0.9285714285714285,False,0.75,False,0.9302499316397475,False,0.8712661845799525,False,1,False,0.959285176967575,False,0.5814155721082712,False,1.0,False,1.0,False
c:/school programs/AI/ML_ENV/AI-Lizard-Prediction-Challenge/train/Brown_anole/Brown_anole_Brown_anole_108.jpg,0.9285714285714285,False,0.75,False,0.9125783827947646,False,0.7927175524268989,False,1,False,0.8929373423841482,False,0.4704339430200165,False,1.0,False,1.0,False
c:/school programs/AI/ML_ENV/AI-Lizard-Prediction-Challenge/train/Brown_anole/Brown_anole_Brown_anole_11.jpg,0.926461275428192,False,0.7529296875,False,0.9287225964586283,False,0.8703107549982372,False,1,False,0.8856125238972516,False,0.5463855723606235,False,1.0,False,1.0,False
c:/school programs/AI/ML_ENV/AI-Lizard-Prediction-Challenge/train/Brown_anole/Brown_anole_Brown_anole_110.jpg,0.9285714285714285,False,0.75,False,0.6548549710423096,False,0.9960161803610352,False,1,False,0.6364951005875028,False,0.5849871557045013,False,1.0,False,1.0,False
c:/school programs/AI/ML_ENV/AI-Lizard-Prediction-Challenge/train/Brown_anole/Brown_anole_Brown_anole_111.jpg,0.9285714285714285,False,0.75,False,0.9156867929029616,False,0.8718749049380985,False,1,False,0.8254717244451901,False,0.43056712309257694,False,1.0,False,1.0,False
c:/school programs/AI/ML_ENV/AI-Lizard-Prediction-Challenge/train/Brown_anole/Brown_anole_Brown_anole_112.jpg,0.974812104248636,False,0.9090909090909091,False,0.9116818273439308,False,0.9817560636123303,False,1,False,0.9772686792847488,False,0.6126191828528615,False,1.0,False,1.0,False
c:/school programs/AI/ML_ENV/AI-Lizard-Prediction-Challenge/train/Brown_anole/Brown_anole_Brown_anole_113.jpg,0.9285714285714285,False,0.75,False,0.9391184306492933,False,0.8087245505093383,False,1,False,0.9739433947901112,False,0.47047359881035555,False,1.0,False,1.0,False
c:/school programs/AI/ML_ENV/AI-Lizard-Prediction-Challenge/train/Brown_anole/Brown_anole_Brown_anole_114.jpg,0.8639664754694408,False,0.84228515625,False,0.9271345544173877,False,0.8005121513260756,False,1,False,0.9850004947334514,False,0.6155740129652713,False,1.0,False,1.0,False
c:/school programs/AI/ML_ENV/AI-Lizard-Prediction-Challenge/train/Brown_anole/Brown_anole_Brown_anole_115.jpg,0.9285714285714285,False,0.75,False,0.940340038567182,False,0.9092491062233486,False,1,False,0.9760975663601512,False,0.4545405225303877,False,1.0,False,1.0,False
c:/school programs/AI/ML_ENV/AI-Lizard-Prediction-Challenge/train/Brown_anole/Brown_anole_Brown_anole_116.jpg,0.9285714285714285,False,0.75,False,0.913062097253396,False,0.9680944781866245,False,1,False,0.9908888820772868,False,0.6044693595674617,False,1.0,False,1.0,False
c:/school programs/AI/ML_ENV/AI-Lizard-Prediction-Challenge/train/Brown_anole/Brown_anole_Brown_anole_117.jpg,0.9265414150995837,False,0.5625,False,0.9337494502470701,False,0.8605741988809621,False,1,False,0.9612332524567616,False,0.45103571351294747,False,1.0,False,1.0,False
c:/school programs/AI/ML_ENV/AI-Lizard-Prediction-Challenge/train/Brown_anole/Brown_anole_Brown_anole_119.jpg,0.9539179705456764,False,0.75,False,0.8540716580423997,False,0.746840586623142,False,1,False,0.865368382553944,False,0.4730324154721488,False,1.0,False,1.0,False
c:/school programs/AI/ML_ENV/AI-Lizard-Prediction-Challenge/train/Brown_anole/Brown_anole_Brown_anole_120.jpg,0.9285714285714285,False,0.75,False,0.9393026305795286,False,0.8651608103176149,False,1,False,0.9668685467117701,False,0.49413152461962184,False,1.0,False,1.0,False
c:/school programs/AI/ML_ENV/AI-Lizard-Prediction-Challenge/train/Brown_anole/Brown_anole_Brown_anole_121.jpg,0.9285714285714285,False,0.75,False,0.879140757751752,False,0.8178729630361451,False,1,False,0.8598408067747203,False,0.4539102726170382,False,1.0,False,1.0,False
c:/school programs/AI/ML_ENV/AI-Lizard-Prediction-Challenge/train/Brown_anole/Brown_anole_Brown_anole_122.jpg,0.9285714285714285,False,0.75,False,0.934267854958357,False,0.8723376112334773,False,1,False,0.9126314749943302,False,0.5859277932679878,False,1.0,False,1.0,False
c:/school programs/AI/ML_ENV/AI-Lizard-Prediction-Challenge/train/Brown_anole/Brown_anole_Brown_anole_123.jpg,0.9265414150995837,False,0.5625,False,0.7663312246290221,False,0.9432372752555409,False,1,False,0.6181761785871939,False,0.5103921381465101,False,1.0,False,1.0,False
c:/school programs/AI/ML_ENV/AI-Lizard-Prediction-Challenge/train/Brown_anole/Brown_anole_Brown_anole_124.jpg,0.9905452019764944,False,0.66650390625,False,0.909371503582817,False,0.9442702461925527,False,1,False,0.8102201940111989,False,0.5079400402475801,False,1.0,False,1.0,False
c:/school programs/AI/ML_ENV/AI-Lizard-Prediction-Challenge/train/Brown_anole/Brown_anole_Brown_anole_125.jpg,0.9905452019764944,False,0.66650390625,False,0.918797556534263,False,0.9490196078431372,False,1,False,0.7718310289531652,False,0.5253995785152521,False,1.0,False,1.0,False
c:/school programs/AI/ML_ENV/AI-Lizard-Prediction-Challenge/train/Brown_anole/Brown_anole_Brown_anole_126.jpg,0.9285714285714285,False,0.75,False,0.9176008695809111,False,0.849790918496617,False,1,False,0.9558378712626667,False,0.5543533747434043,False,1.0,False,1.0,False
c:/school programs/AI/ML_ENV/AI-Lizard-Prediction-Challenge/train/Brown_anole/Brown_anole_Brown_anole_128.jpg,0.9285714285714285,False,0.75,False,0.903728537754218,False,0.9423850963362517,False,1,False,0.7735914933212642,False,0.42777929910637014,False,1.0,False,1.0,False
c:/school programs/AI/ML_ENV/AI-Lizard-Prediction-Challenge/train/Brown_anole/Brown_anole_Brown_anole_129.jpg,0.9285714285714285,False,0.75,False,0.7721268968073963,False,0.5204258585262138,False,1,False,0.7746803783376179,False,0.6208380352260687,False,1.0,False,1.0,False
c:/school programs/AI/ML_ENV/AI-Lizard-Prediction-Challenge/train/Brown_anole/Brown_anole_Brown_anole_13.jpg,0.9265414150995837,False,0.5625,False,0.9297769844696167,False,0.9591764894238238,False,1,False,0.9648412785585293,False,0.5969291604823088,False,1.0,False,1.0,False
c:/school programs/AI/ML_ENV/AI-Lizard-Prediction-Challenge/train/Brown_anole/Brown_anole_Brown_anole_131.jpg,0.6446822848598278,False,0.5263513513513514,False,0.9379843693608132,False,0.8486759703889819,False,1,False,0.9364452569898124,False,0.5340289834127001,False,1.0,False,1.0,False
c:/school programs/AI/ML_ENV/AI-Lizard-Prediction-Challenge/train/Brown_anole/Brown_anole_Brown_anole_132.jpg,0.9285714285714285,False,0.75,False,0.8029309237849077,False,0.9921568627450981,False,1,False,0.9042811500348455,False,0.7114851008689798,False,1.0,False,1.0,False
c:/school programs/AI/ML_ENV/AI-Lizard-Prediction-Challenge/train/Brown_anole/Brown_anole_Brown_anole_133.jpg,0.9285714285714285,False,0.75,False,0.8815085051075187,False,0.5759119878365507,False,1,False,0.9589315068115465,False,0.4995126512062187,False,1.0,False,1.0,False
c:/school programs/AI/ML_ENV/AI-Lizard-Prediction-Challenge/train/Brown_anole/Brown_anole_Brown_anole_134.jpg,0.9265414150995837,False,0.5625,False,0.9468344969883191,False,0.86098578510972,False,1,False,0.9917836002510971,False,0.5651748154798708,False,1.0,False,1.0,False
c:/school programs/AI/ML_ENV/AI-Lizard-Prediction-Challenge/train/Brown_anole/Brown_anole_Brown_anole_135.jpg,0.9285714285714285,False,0.75,False,0.9262152106465399,False,0.9725490196078431,False,1,False,0.9801309691298624,False,0.5596808656022252,False,1.0,False,1.0,False
c:/school programs/AI/ML_ENV/AI-Lizard-Prediction-Challenge/train/Brown_anole/Brown_anole_Brown_anole_136.jpg,0.9285714285714285,False,0.75,False,0.9084352822594106,False,0.9560201716924415,False,1,False,0.8077342111982276,False,0.404466587731799,False,1.0,False,1.0,False
c:/school programs/AI/ML_ENV/AI-Lizard-Prediction-Challenge/train/Brown_anole/Brown_anole_Brown_anole_137.jpg,0.9265414150995837,False,0.5625,False,0.9098428344587632,False,0.8781687214288015,False,1,False,0.970968164894979,False,0.5838444993518742,False,1.0,False,1.0,False
c:/school programs/AI/ML_ENV/AI-Lizard-Prediction-Challenge/train/Brown_anole/Brown_anole_Brown_anole_138.jpg,0.9285714285714285,False,0.75,False,0.8990585570645545,False,0.77106484904046,False,1,False,0.8511822657453664,False,0.4668034409329337,False,1.0,False,1.0,False
c:/school programs/AI/ML_ENV/AI-Lizard-Prediction-Challenge/train/Brown_anole/Brown_anole_Brown_anole_139.jpg,0.9265414150995837,False,0.5625,False,0.946771367505769,False,0.8472466336998807,False,1,False,0.9942459831305153,False,0.5323350796637627,False,1.0,False,1.0,False
c:/school programs/AI/ML_ENV/AI-Lizard-Prediction-Challenge/train/Brown_anole/Brown_anole_Brown_anole_14.jpg,0.9265414150995837,False,0.5625,False,0.9296855040514036,False,0.9405379750545669,False,1,False,0.9808875375900449,False,0.5283740741084271,False,1.0,False,1.0,False
c:/school programs/AI/ML_ENV/AI-Lizard-Prediction-Challenge/train/Brown_anole/Brown_anole_Brown_anole_140.jpg,0.9265414150995837,False,0.5625,False,0.9297644209260141,False,0.7608178744210535,False,1,False,0.9949109956540617,False,0.4996553354055804,False,1.0,False,1.0,False
c:/school programs/AI/ML_ENV/AI-Lizard-Prediction-Challenge/train/Brown_anole/Brown_anole_Brown_anole_141.jpg,0.9265414150995837,False,0.5625,False,0.9245850425253379,False,0.8668940809061876,False,1,False,0.9947250030049659,False,0.585923829139163,False,1.0,False,1.0,False
c:/school programs/AI/ML_ENV/AI-Lizard-Prediction-Challenge/train/Brown_anole/Brown_anole_Brown_anole_142.jpg,0.9905452019764944,False,0.66650390625,False,0.8297831812907326,False,0.9211079217197399,False,1,False,0.9911844882435951,False,0.38414642484963823,False,1.0,False,1.0,False
c:/school programs/AI/ML_ENV/AI-Lizard-Prediction-Challenge/train/Brown_anole/Brown_anole_Brown_anole_143.jpg,0.9297877517009598,False,0.56640625,False,0.8728811647597334,False,0.7704924617545307,False,1,False,0.9216117219794707,False,0.5320199608147294,False,1.0,False,1.0,False
c:/school programs/AI/ML_ENV/AI-Lizard-Prediction-Challenge/train/Brown_anole/Brown_anole_Brown_anole_144.jpg,0.967284140252103,False,0.697265625,False,0.9086340767589509,False,0.7921884966729881,False,1,False,0.8254772575950308,False,0.46637742232931767,False,1.0,False,1.0,False
c:/school programs/AI/ML_ENV/AI-Lizard-Prediction-Challenge/train/Brown_anole/Brown_anole_Brown_anole_145.jpg,0.9026602146062315,False,0.5341796875,False,0.8097771716797997,False,0.9033778490121711,False,1,False,0.915496323246434,False,0.5453450129022439,False,1.0,False,1.0,False
c:/school programs/AI/ML_ENV/AI-Lizard-Prediction-Challenge/train/Brown_anole/Brown_anole_Brown_anole_146.jpg,0.9285714285714285,False,0.75,False,0.9409350560579919,False,0.9103237485988656,False,1,False,0.9856180718046402,False,0.5575287450874672,False,1.0,False,1.0,False
c:/school programs/AI/ML_ENV/AI-Lizard-Prediction-Challenge/train/Brown_anole/Brown_anole_Brown_anole_147.jpg,0.9285714285714285,False,0.75,False,0.9256687205044023,False,0.8247192618169114,False,1,False,0.9669066559670203,False,0.50031175291464,False,1.0,False,1.0,False
c:/school programs/AI/ML_ENV/AI-Lizard-Prediction-Challenge/train/Brown_anole/Brown_anole_Brown_anole_148.jpg,0.892474849042792,False,0.9179299529534762,False,0.8233118989838175,False,0.9680944781866245,False,1,False,0.5945905449854397,False,0.3884789174288493,False,1.0,False,1.0,False
c:/school programs/AI/ML_ENV/AI-Lizard-Prediction-Challenge/train/Brown_anole/Brown_anole_Brown_anole_149.jpg,0.9236916118799223,False,0.55908203125,False,0.8269242320385042,False,0.9315392500835449,False,1,False,0.6471192841628268,False,0.460518109729826,False,1.0,False,1.0,False
c:/school programs/AI/ML_ENV/AI-Lizard-Prediction-Challenge/train/Brown_anole/Brown_anole_Brown_anole_15.jpg,0.9265414150995837,False,0.5625,False,0.9167678360315494,False,0.9036267029730024,False,1,False,0.9864064309699241,False,0.5381170534234772,False,1.0,False,1.0,False
c:/school programs/AI/ML_ENV/AI-Lizard-Prediction-Challenge/train/Brown_anole/Brown_anole_Brown_anole_150.jpg,0.9285714285714285,False,0.75,False,0.9199067319059578,False,0.9169787157356178,False,1,False,0.9278471814673269,False,0.5750028561082774,False,1.0,False,1.0,False
c:/school programs/AI/ML_ENV/AI-Lizard-Prediction-Challenge/train/Brown_anole/Brown_anole_Brown_anole_151.jpg,0.9285714285714285,False,0.75,False,0.9111340029706398,False,0.8470405239705969,False,1,False,0.9725102775332134,False,0.5503119381310537,False,1.0,False,1.0,False
c:/school programs/AI/ML_ENV/AI-Lizard-Prediction-Challenge/train/Brown_anole/Brown_anole_Brown_anole_153.jpg,0.9265414150995837,False,0.5625,False,0.9257098161762939,False,0.9199739565651566,False,1,False,0.9944105458601095,False,0.5883409325278866,False,1.0,False,1.0,False
c:/school programs/AI/ML_ENV/AI-Lizard-Prediction-Challenge/train/Brown_anole/Brown_anole_Brown_anole_154.jpg,0.9265414150995837,False,0.5625,False,0.9394146574987398,False,0.9125320512373483,False,1,False,0.9968703969098962,False,0.6012074971429348,False,1.0,False,1.0,False
c:/school programs/AI/ML_ENV/AI-Lizard-Prediction-Challenge/train/Brown_anole/Brown_anole_Brown_anole_156.jpg,0.9285714285714285,False,0.75,False,0.8887092602310749,False,0.7367558733727042,False,1,False,0.923101595259746,False,0.44565271382845195,False,1.0,False,1.0,False
c:/school programs/AI/ML_ENV/AI-Lizard-Prediction-Challenge/train/Brown_anole/Brown_anole_Brown_anole_157.jpg,0.9265414150995837,False,0.5625,False,0.92037102020689,False,0.8069708474127334,False,1,False,0.9908037583995092,False,0.5778348318184626,False,1.0,False,1.0,False
c:/school programs/AI/ML_ENV/AI-Lizard-Prediction-Challenge/train/Brown_anole/Brown_anole_Brown_anole_158.jpg,0.9285714285714285,False,0.75,False,0.9037267182516437,False,0.7337881618123752,False,1,False,0.9383834273984819,False,0.4910277415082904,False,1.0,False,1.0,False
c:/school programs/AI/ML_ENV/AI-Lizard-Prediction-Challenge/train/Brown_anole/Brown_anole_Brown_anole_159.jpg,0.9285714285714285,False,0.75,False,0.9293845704174859,False,0.939772186943322,False,1,False,0.9272273908655825,False,0.42148782040389754,False,1.0,False,1.0,False
c:/school programs/AI/ML_ENV/AI-Lizard-Prediction-Challenge/train/Brown_anole/Brown_anole_Brown_anole_16.jpg,0.7216677554535684,False,0.5625,False,0.9126032415386881,False,0.827066382273584,False,1,False,0.883774775987231,False,0.4743981567109452,False,1.0,False,1.0,False
c:/school programs/AI/ML_ENV/AI-Lizard-Prediction-Challenge/train/Brown_anole/Brown_anole_Brown_anole_160.jpg,0.9285714285714285,False,0.75,False,0.941020823347741,False,0.8830380734076126,False,1,False,0.99438033424588,False,0.5358312509008458,False,1.0,False,1.0,False
c:/school programs/AI/ML_ENV/AI-Lizard-Prediction-Challenge/train/Brown_anole/Brown_anole_Brown_anole_161.jpg,0.9048922638292108,False,0.783203125,False,0.7646825991642886,False,0.5285037681432304,False,1,False,0.7506894434603938,False,0.7119779858501316,False,1.0,False,1.0,False
c:/school programs/AI/ML_ENV/AI-Lizard-Prediction-Challenge/train/Brown_anole/Brown_anole_Brown_anole_162.jpg,0.9285714285714285,False,0.75,False,0.9448655098046089,False,0.8883811064679896,False,1,False,0.9978979213516322,False,0.5991191240031575,False,1.0,False,1.0,False
c:/school programs/AI/ML_ENV/AI-Lizard-Prediction-Challenge/train/Brown_anole/Brown_anole_Brown_anole_163.jpg,0.9285714285714285,False,0.75,False,0.9179180793614148,False,0.7960679830800139,False,1,False,0.9782907046510321,False,0.4817084161515274,False,1.0,False,1.0,False
c:/school programs/AI/ML_ENV/AI-Lizard-Prediction-Challenge/train/Brown_anole/Brown_anole_Brown_anole_164.jpg,0.9285714285714285,False,0.75,False,0.9381922634185428,False,0.8341690618779272,False,1,False,0.9573152578349027,False,0.5600153899756615,False,1.0,False,1.0,False
c:/school programs/AI/ML_ENV/AI-Lizard-Prediction-Challenge/train/Brown_anole/Brown_anole_Brown_anole_165.jpg,0.9265414150995837,False,0.5625,False,0.9026748743156461,False,0.8240710272291467,False,1,False,0.9248550067685046,False,0.4621216674703853,False,1.0,False,1.0,False
c:/school programs/AI/ML_ENV/AI-Lizard-Prediction-Challenge/train/Brown_anole/Brown_anole_Brown_anole_167.jpg,0.9265414150995837,False,0.5625,False,0.9185905155941518,False,0.814801996086365,False,1,False,0.958894435807953,False,0.5410742460597768,False,1.0,False,1.0,False
c:/school programs/AI/ML_ENV/AI-Lizard-Prediction-Challenge/train/Brown_anole/Brown_anole_Brown_anole_168.jpg,0.9285714285714285,False,0.75,False,0.9009257371102845,False,0.9894539693716257,False,1,False,0.9901711198562916,False,0.6469051620119819,False,1.0,False,1.0,False
c:/school programs/AI/ML_ENV/AI-Lizard-Prediction-Challenge/train/Brown_anole/Brown_anole_Brown_anole_17.jpg,0.9285714285714285,False,0.75,False,0.9094859243319867,False,0.8078086865616222,False,1,False,0.9916971111800984,False,0.518917086628448,False,1.0,False,1.0,False
c:/school programs/AI/ML_ENV/AI-Lizard-Prediction-Challenge/train/Brown_anole/Brown_anole_Brown_anole_170.jpg,0.9265414150995837,False,0.5625,False,0.8630874845531988,False,0.8128337957733458,False,1,False,0.9184450359828245,False,0.41545639637854304,False,1.0,False,1.0,False
c:/school programs/AI/ML_ENV/AI-Lizard-Prediction-Challenge/train/Brown_anole/Brown_anole_Brown_anole_171.jpg,0.9285714285714285,False,0.75,False,0.8722028581919036,False,0.6919425748945016,False,1,False,0.8469493120930567,False,0.4251798967076733,False,1.0,False,1.0,False
c:/school programs/AI/ML_ENV/AI-Lizard-Prediction-Challenge/train/Brown_anole/Brown_anole_Brown_anole_172.jpg,0.822527449165968,False,0.904296875,False,0.9169400447197132,False,0.943385667697407,False,1,False,0.9133364904516107,False,0.4807269131473827,False,1.0,False,1.0,False
c:/school programs/AI/ML_ENV/AI-Lizard-Prediction-Challenge/train/Brown_anole/Brown_anole_Brown_anole_173.jpg,0.913191242011766,False,0.771484375,False,0.918548889523036,False,0.9450980392156862,False,1,False,0.9994686169859808,False,0.5135581244580685,False,1.0,False,1.0,False
c:/school programs/AI/ML_ENV/AI-Lizard-Prediction-Challenge/train/Brown_anole/Brown_anole_Brown_anole_175.jpg,0.9285714285714285,False,0.75,False,0.910245430472501,False,0.8726513231102311,False,1,False,0.9881240600330241,False,0.5974920491841618,False,1.0,False,1.0,False
c:/school programs/AI/ML_ENV/AI-Lizard-Prediction-Challenge/train/Brown_anole/Brown_anole_Brown_anole_176.jpg,0.9285714285714285,False,0.75,False,0.9086659123571318,False,0.7282349262939987,False,1,False,0.9669307995343012,False,0.5188082656635227,False,1.0,False,1.0,False
c:/school programs/AI/ML_ENV/AI-Lizard-Prediction-Challenge/train/Brown_anole/Brown_anole_Brown_anole_177.jpg,0.9905452019764944,False,0.66650390625,False,0.7371366315759401,False,0.9666129613722995,False,1,False,0.8644079518759854,False,0.7375387029304302,False,1.0,False,1.0,False
c:/school programs/AI/ML_ENV/AI-Lizard-Prediction-Challenge/train/Brown_anole/Brown_anole_Brown_anole_178.jpg,0.9905452019764944,False,0.66650390625,False,0.901338621649209,False,0.8013578194881352,False,1,False,0.8799559101058237,False,0.5364366528922979,False,1.0,False,1.0,False
c:/school programs/AI/ML_ENV/AI-Lizard-Prediction-Challenge/train/Brown_anole/Brown_anole_Brown_anole_179.jpg,0.6658838998406036,False,0.75,False,0.8769108707113591,False,0.6939799455250213,False,1,False,0.9646979833886725,False,0.47384554491190467,False,1.0,False,1.0,False
c:/school programs/AI/ML_ENV/AI-Lizard-Prediction-Challenge/train/Brown_anole/Brown_anole_Brown_anole_18.jpg,0.9261348314896964,False,0.56201171875,False,0.8119946455132528,False,0.9857387478070838,False,1,False,0.865657721644015,False,0.5694533713253753,False,1.0,False,1.0,False
c:/school programs/AI/ML_ENV/AI-Lizard-Prediction-Challenge/train/Brown_anole/Brown_anole_Brown_anole_180.jpg,0.9292757285208094,False,0.7490234375,False,0.9108744296896435,False,0.9411764705882353,False,1,False,0.9000215897278037,False,0.5745015389368302,False,1.0,False,1.0,False
c:/school programs/AI/ML_ENV/AI-Lizard-Prediction-Challenge/train/Brown_anole/Brown_anole_Brown_anole_181.jpg,0.8912744996966655,False,0.7498535442296427,False,0.9187857672910593,False,0.8149096462213676,False,1,False,0.9072780437515211,False,0.6610623076080504,False,1.0,False,1.0,False
c:/school programs/AI/ML_ENV/AI-Lizard-Prediction-Challenge/train/Brown_anole/Brown_anole_Brown_anole_184.jpg,0.5669860346823685,False,0.6951541850220264,False,0.9015978264332767,False,0.8734248494261562,False,1,False,0.9332227072352559,False,0.5303644774365721,False,1.0,False,1.0,False
c:/school programs/AI/ML_ENV/AI-Lizard-Prediction-Challenge/train/Brown_anole/Brown_anole_Brown_anole_185.jpg,0.9265414150995837,False,0.5625,False,0.9080109528837979,False,0.7318918143154429,False,1,False,0.9376121806521017,False,0.49147113210289384,False,1.0,False,1.0,False
c:/school programs/AI/ML_ENV/AI-Lizard-Prediction-Challenge/train/Brown_anole/Brown_anole_Brown_anole_186.jpg,0.9282194505449995,False,0.75048828125,False,0.9345349293087009,False,0.9326826449006064,False,1,False,0.9086706345996746,False,0.5744296155856401,False,1.0,False,1.0,False
c:/school programs/AI/ML_ENV/AI-Lizard-Prediction-Challenge/train/Brown_anole/Brown_anole_Brown_anole_187.jpg,0.9285714285714285,False,0.75,False,0.938813481447875,False,0.802780769607522,False,1,False,0.987703934334206,False,0.5675774655007639,False,1.0,False,1.0,False
c:/school programs/AI/ML_ENV/AI-Lizard-Prediction-Challenge/train/Brown_anole/Brown_anole_Brown_anole_188.jpg,0.8623196001410256,False,0.75,False,0.8830910696217551,False,0.823229535834876,False,1,False,0.8671067731795261,False,0.45714914116418404,False,1.0,False,1.0,False
c:/school programs/AI/ML_ENV/AI-Lizard-Prediction-Challenge/train/Brown_anole/Brown_anole_Brown_anole_189.jpg,0.8966359431962224,False,0.875961045617632,False,0.8264861875566185,False,0.9568627450980393,False,1,False,0.5548070451630484,False,0.6187321847093896,False,1.0,False,1.0,False
c:/school programs/AI/ML_ENV/AI-Lizard-Prediction-Challenge/train/Brown_anole/Brown_anole_Brown_anole_19.jpg,0.926461275428192,False,0.7529296875,False,0.9081605067629366,False,0.7317555327792564,False,1,False,0.8968206819872848,False,0.5210851209089005,False,1.0,False,1.0,False
c:/school programs/AI/ML_ENV/AI-Lizard-Prediction-Challenge/train/Brown_anole/Brown_anole_Brown_anole_190.jpg,0.8769959730821402,False,0.8232421875,False,0.8762781869686599,False,0.971022818506806,False,1,False,0.7848495424640548,False,0.4060366269937268,False,1.0,False,1.0,False
c:/school programs/AI/ML_ENV/AI-Lizard-Prediction-Challenge/train/Brown_anole/Brown_anole_Brown_anole_191.jpg,0.926461275428192,False,0.7529296875,False,0.9164696870018472,False,0.8427009499162591,False,1,False,0.8429433064662094,False,0.47391027409302944,False,1.0,False,1.0,False
c:/school programs/AI/ML_ENV/AI-Lizard-Prediction-Challenge/train/Brown_anole/Brown_anole_Brown_anole_192.jpg,0.9285714285714285,False,0.75,False,0.9356146729377232,False,0.9031644080290889,False,1,False,0.9253796211777315,False,0.587063461211365,False,1.0,False,1.0,False
c:/school programs/AI/ML_ENV/AI-Lizard-Prediction-Challenge/train/Brown_anole/Brown_anole_Brown_anole_193.jpg,0.9285714285714285,False,0.75,False,0.9289590182833495,False,0.7973358146816141,False,1,False,0.9615788631384334,False,0.4406448291069094,False,1.0,False,1.0,False
c:/school programs/AI/ML_ENV/AI-Lizard-Prediction-Challenge/train/Brown_anole/Brown_anole_Brown_anole_194.jpg,0.9285714285714285,False,0.75,False,0.8819299133048217,False,0.6985437624968335,False,1,False,0.9476745369936497,False,0.4261751921953054,False,1.0,False,1.0,False
c:/school programs/AI/ML_ENV/AI-Lizard-Prediction-Challenge/train/Brown_anole/Brown_anole_Brown_anole_195.jpg,0.9285714285714285,False,0.75,False,0.9254135524631475,False,0.9129098272306072,False,1,False,0.9285923665205971,False,0.544836873333552,False,1.0,False,1.0,False
c:/school programs/AI/ML_ENV/AI-Lizard-Prediction-Challenge/train/Brown_anole/Brown_anole_Brown_anole_196.jpg,0.9285714285714285,False,0.75,False,0.9140838917700944,False,0.7159016637369455,False,1,False,0.9798608128762648,False,0.5519336336973261,False,1.0,False,1.0,False
c:/school programs/AI/ML_ENV/AI-Lizard-Prediction-Challenge/train/Brown_anole/Brown_anole_Brown_anole_197.jpg,0.9905452019764944,False,0.66650390625,False,0.872047487463666,False,0.8586991833013962,False,1,False,0.7702256568764597,False,0.6010669758187283,False,1.0,False,1.0,False
c:/school programs/AI/ML_ENV/AI-Lizard-Prediction-Challenge/train/Brown_anole/Brown_anole_Brown_anole_198.jpg,0.9905452019764944,False,0.66650390625,False,0.8847648441952665,False,0.7344046896186263,False,1,False,0.7902482075771384,False,0.3627246758025048,False,1.0,False,1.0,False
c:/school programs/AI/ML_ENV/AI-Lizard-Prediction-Challenge/train/Brown_anole/Brown_anole_Brown_anole_199.jpg,0.9285714285714285,False,0.75,False,0.8997088466073896,False,0.9545822077216405,False,1,False,0.9621622132299075,False,0.4546092070956279,False,1.0,False,1.0,False
c:/school programs/AI/ML_ENV/AI-Lizard-Prediction-Challenge/train/Brown_anole/Brown_anole_Brown_anole_2.jpg,0.6140265882463577,False,0.7060755336617406,False,0.7671782168498104,False,0.6909194844537271,False,1,False,0.8227363221274415,False,0.658195039785074,False,1.0,False,1.0,False
c:/school programs/AI/ML_ENV/AI-Lizard-Prediction-Challenge/train/Brown_anole/Brown_anole_Brown_anole_20.jpg,0.9285714285714285,False,0.75,False,0.8935160561959554,False,0.9148118305076739,False,1,False,0.9680988555303639,False,0.41152004467367875,False,1.0,False,1.0,False
c:/school programs/AI/ML_ENV/AI-Lizard-Prediction-Challenge/train/Brown_anole/Brown_anole_Brown_anole_200.jpg,0.9285714285714285,False,0.75,False,0.9034497321498534,False,0.7048819888199369,False,1,False,0.9346403766168357,False,0.46799222721513967,False,1.0,False,1.0,False
c:/school programs/AI/ML_ENV/AI-Lizard-Prediction-Challenge/train/Brown_anole/Brown_anole_Brown_anole_204.jpg,0.9966779292644745,False,0.64990234375,False,0.9234184154836754,False,0.8021460388899146,False,1,False,0.9131743772637524,False,0.5304258306444141,False,1.0,False,1.0,False
c:/school programs/AI/ML_ENV/AI-Lizard-Prediction-Challenge/train/Brown_anole/Brown_anole_Brown_anole_205.jpg,0.5403522126419056,False,0.6684782608695652,False,0.8345849478299837,False,0.9581399413085864,False,1,False,0.5884136712104917,False,0.4934503801971224,False,1.0,False,1.0,False
c:/school programs/AI/ML_ENV/AI-Lizard-Prediction-Challenge/train/Brown_anole/Brown_anole_Brown_anole_206.jpg,0.9265414150995837,False,0.5625,False,0.9458518691681128,False,0.8664686015523105,False,1,False,0.9903156674047253,False,0.5692471700069885,False,1.0,False,1.0,False
c:/school programs/AI/ML_ENV/AI-Lizard-Prediction-Challenge/train/Brown_anole/Brown_anole_Brown_anole_207.jpg,0.3443228632248416,True,0.4619883040935672,False,0.8803801968991819,False,0.7083768264426977,False,1,False,0.9231622889462021,False,0.4689523182653681,False,1.0,False,1.0,False
c:/school programs/AI/ML_ENV/AI-Lizard-Prediction-Challenge/train/Brown_anole/Brown_anole_Brown_anole_209.jpg,0.7220741379573195,False,0.563125,False,0.9043802716328054,False,0.9289786706718964,False,1,False,0.7473065271975015,False,0.46138283203209496,False,1.0,False,1.0,False
c:/school programs/AI/ML_ENV/AI-Lizard-Prediction-Challenge/train/Brown_anole/Brown_anole_Brown_anole_212.jpg,0.5756027949438843,False,0.4822848879248012,False,0.9089397627676686,False,0.9062054565642754,False,1,False,0.8749450776413847,False,0.5139437057924636,False,1.0,False,1.0,False
c:/school programs/AI/ML_ENV/AI-Lizard-Prediction-Challenge/train/Brown_anole/Brown_anole_Brown_anole_23.jpg,0.9265414150995837,False,0.5625,False,0.8877561304571288,False,0.9580401319506306,False,1,False,0.9728183371569454,False,0.5913296137591151,False,1.0,False,1.0,False
c:/school programs/AI/ML_ENV/AI-Lizard-Prediction-Challenge/train/Brown_anole/Brown_anole_Brown_anole_25.jpg,0.9285714285714285,False,0.75,False,0.9460221238538742,False,0.9471486601004186,False,1,False,0.9934536901764383,False,0.5989032094268141,False,1.0,False,1.0,False
c:/school programs/AI/ML_ENV/AI-Lizard-Prediction-Challenge/train/Brown_anole/Brown_anole_Brown_anole_26.jpg,0.9285714285714285,False,0.75,False,0.8115958195322449,False,0.6650852013771076,False,1,False,0.8191287181988465,False,0.6699573450757098,False,1.0,False,1.0,False
c:/school programs/AI/ML_ENV/AI-Lizard-Prediction-Challenge/train/Brown_anole/Brown_anole_Brown_anole_27.jpg,0.592684203126909,False,0.8795066413662239,False,0.9495338122179778,False,0.9160703687215537,False,1,False,0.9525334639790877,False,0.5418145081035908,False,1.0,False,1.0,False
c:/school programs/AI/ML_ENV/AI-Lizard-Prediction-Challenge/train/Brown_anole/Brown_anole_Brown_anole_28.jpg,0.9905452019764944,False,0.66650390625,False,0.7414585675151866,False,0.996078431372549,False,1,False,0.7996796359696453,False,0.8394608825501613,False,1.0,False,1.0,False
c:/school programs/AI/ML_ENV/AI-Lizard-Prediction-Challenge/train/Brown_anole/Brown_anole_Brown_anole_29.jpg,0.9265414150995837,False,0.5625,False,0.8834764885561317,False,0.7895003289893815,False,1,False,0.9333486273256244,False,0.5294493691137396,False,1.0,False,1.0,False
c:/school programs/AI/ML_ENV/AI-Lizard-Prediction-Challenge/train/Brown_anole/Brown_anole_Brown_anole_30.jpg,0.9285714285714285,False,0.75,False,0.931580765510245,False,0.896293674627159,False,1,False,0.9445439999996874,False,0.5336920435859784,False,1.0,False,1.0,False
c:/school programs/AI/ML_ENV/AI-Lizard-Prediction-Challenge/train/Brown_anole/Brown_anole_Brown_anole_31.jpg,0.8444939412612253,False,0.46826171875,False,0.9154776585097649,False,0.8494015526338452,False,1,False,0.875820349227792,False,0.5360823141268192,False,1.0,False,1.0,False
c:/school programs/AI/ML_ENV/AI-Lizard-Prediction-Challenge/train/Brown_anole/Brown_anole_Brown_anole_32.jpg,0.9877570015165027,False,0.787718369507676,False,0.8868409131618944,False,0.9803921568627451,False,1,False,0.8228248807089668,False,0.5694058621753515,False,1.0,False,1.0,False
c:/school programs/AI/ML_ENV/AI-Lizard-Prediction-Challenge/train/Brown_anole/Brown_anole_Brown_anole_33.jpg,0.9296280506679447,False,0.74853515625,False,0.9303852706613114,False,0.8980569397003769,False,1,False,0.8637621545266175,False,0.5830039649551648,False,1.0,False,1.0,False
c:/school programs/AI/ML_ENV/AI-Lizard-Prediction-Challenge/train/Brown_anole/Brown_anole_Brown_anole_34.jpg,0.9285714285714285,False,0.75,False,0.9446637255153583,False,0.8847466391899635,False,1,False,0.9929491063091339,False,0.559732834800614,False,1.0,False,1.0,False
c:/school programs/AI/ML_ENV/AI-Lizard-Prediction-Challenge/train/Brown_anole/Brown_anole_Brown_anole_36.jpg,0.9265414150995837,False,0.5625,False,0.91740302409351,False,0.8539087517287923,False,1,False,0.986250044525625,False,0.508108453210627,False,1.0,False,1.0,False
c:/school programs/AI/ML_ENV/AI-Lizard-Prediction-Challenge/train/Brown_anole/Brown_anole_Brown_anole_37.jpg,0.9265414150995837,False,0.5625,False,0.9308882699149561,False,0.8636265840655682,False,1,False,0.9300097687307594,False,0.5337654405961854,False,1.0,False,1.0,False
c:/school programs/AI/ML_ENV/AI-Lizard-Prediction-Challenge/train/Brown_anole/Brown_anole_Brown_anole_40.jpg,0.7612701511541071,False,1.0,False,0.8819084314486283,False,0.616031607734268,False,1,False,0.9669970640075946,False,0.604588989716416,False,1.0,False,1.0,False
c:/school programs/AI/ML_ENV/AI-Lizard-Prediction-Challenge/train/Brown_anole/Brown_anole_Brown_anole_41.jpg,0.7612701511541071,False,1.0,False,0.9081725005477455,False,0.694446934406007,False,1,False,0.9886674125281746,False,0.6533992303943417,False,1.0,False,1.0,False
c:/school programs/AI/ML_ENV/AI-Lizard-Prediction-Challenge/train/Brown_anole/Brown_anole_Brown_anole_43.jpg,0.9285714285714285,False,0.75,False,0.9305277404517991,False,0.9313811770129533,False,1,False,0.9543509381706687,False,0.5568535843179301,False,1.0,False,1.0,False
c:/school programs/AI/ML_ENV/AI-Lizard-Prediction-Challenge/train/Brown_anole/Brown_anole_Brown_anole_44.jpg,0.49300081379547245,True,0.9855595667870036,False,0.8986826298325712,False,0.958495980656279,False,1,False,0.8474559980252687,False,0.5196829049686553,False,1.0,False,1.0,False
c:/school programs/AI/ML_ENV/AI-Lizard-Prediction-Challenge/train/Brown_anole/Brown_anole_Brown_anole_45.jpg,0.9285714285714285,False,0.75,False,0.801860772549738,False,0.9934005697355411,False,1,False,0.8528032432982913,False,0.6605722995714247,False,1.0,False,1.0,False
c:/school programs/AI/ML_ENV/AI-Lizard-Prediction-Challenge/train/Brown_anole/Brown_anole_Brown_anole_47.jpg,0.9265414150995837,False,0.5625,False,0.9173040669811409,False,0.8427009499162591,False,1,False,0.9439372335919209,False,0.48956063751491163,False,1.0,False,1.0,False
c:/school programs/AI/ML_ENV/AI-Lizard-Prediction-Challenge/train/Brown_anole/Brown_anole_Brown_anole_49.jpg,0.9265414150995837,False,0.5625,False,0.9270616216417246,False,0.8024676652903976,False,1,False,0.9717153368585871,False,0.4586177499451397,False,1.0,False,1.0,False
c:/school programs/AI/ML_ENV/AI-Lizard-Prediction-Challenge/train/Brown_anole/Brown_anole_Brown_anole_51.jpg,0.9285714285714285,False,0.75,False,0.8903050261055173,False,0.6637825349933901,False,1,False,0.9141197752349449,False,0.6569463929286148,False,1.0,False,1.0,False
c:/school programs/AI/ML_ENV/AI-Lizard-Prediction-Challenge/train/Brown_anole/Brown_anole_Brown_anole_52.jpg,0.9285714285714285,False,0.75,False,0.9276027731208318,False,0.8947221321919395,False,1,False,0.9285330604160315,False,0.5274664673784952,False,1.0,False,1.0,False
c:/school programs/AI/ML_ENV/AI-Lizard-Prediction-Challenge/train/Brown_anole/Brown_anole_Brown_anole_53.jpg,0.9609688753745271,False,0.6141732283464567,False,0.923464464131175,False,0.9860974999413205,False,1,False,0.9441205505625949,False,0.6080210475943058,False,1.0,False,1.0,False
c:/school programs/AI/ML_ENV/AI-Lizard-Prediction-Challenge/train/Brown_anole/Brown_anole_Brown_anole_55.jpg,0.9265414150995837,False,0.5625,False,0.9158655763200794,False,0.8238009932905468,False,1,False,0.8473721007468815,False,0.5032986397822784,False,1.0,False,1.0,False
c:/school programs/AI/ML_ENV/AI-Lizard-Prediction-Challenge/train/Brown_anole/Brown_anole_Brown_anole_57.jpg,0.9285714285714285,False,0.75,False,0.9514984706937674,False,0.9299115734000785,False,1,False,0.9630755472983007,False,0.5917120278568704,False,1.0,False,1.0,False
c:/school programs/AI/ML_ENV/AI-Lizard-Prediction-Challenge/train/Brown_anole/Brown_anole_Brown_anole_58.jpg,0.9265414150995837,False,0.5625,False,0.9482877937197296,False,0.9351396970372253,False,1,False,0.9602823798904866,False,0.623740962570625,False,1.0,False,1.0,False
c:/school programs/AI/ML_ENV/AI-Lizard-Prediction-Challenge/train/Brown_anole/Brown_anole_Brown_anole_61.jpg,0.9285714285714285,False,0.75,False,0.9250288729977822,False,0.8688921601617541,False,1,False,0.9357725828412508,False,0.5275055716444286,False,1.0,False,1.0,False
c:/school programs/AI/ML_ENV/AI-Lizard-Prediction-Challenge/train/Brown_anole/Brown_anole_Brown_anole_62.jpg,0.9285714285714285,False,0.75,False,0.9146405446079771,False,1.0,False,1,False,0.9909899128169181,False,0.47552749112184267,False,1.0,False,1.0,False
c:/school programs/AI/ML_ENV/AI-Lizard-Prediction-Challenge/train/Brown_anole/Brown_anole_Brown_anole_63.jpg,0.8053105161368963,False,0.9700897308075773,False,0.932370039255316,False,0.7956175269023874,False,1,False,0.9955470560410508,False,0.557776771471495,False,1.0,False,1.0,False
c:/school programs/AI/ML_ENV/AI-Lizard-Prediction-Challenge/train/Brown_anole/Brown_anole_Brown_anole_64.jpg,0.9285714285714285,False,0.75,False,0.920953139589901,False,0.8327152406945385,False,1,False,0.9901711198562916,False,0.5184725754756097,False,1.0,False,1.0,False
c:/school programs/AI/ML_ENV/AI-Lizard-Prediction-Challenge/train/Brown_anole/Brown_anole_Brown_anole_67.jpg,0.47394464387051893,True,0.7777777777777778,False,0.7939802118338187,False,0.7019821473084611,False,1,False,0.6588235294117647,False,0.5497484797804717,False,1.0,False,1.0,False
c:/school programs/AI/ML_ENV/AI-Lizard-Prediction-Challenge/train/Brown_anole/Brown_anole_Brown_anole_68.jpg,0.47394464387051893,True,0.7777777777777778,False,0.9264562781349801,False,0.8427009499162591,False,1,False,0.9036548455960619,False,0.5509311216709051,False,1.0,False,1.0,False
c:/school programs/AI/ML_ENV/AI-Lizard-Prediction-Challenge/train/Brown_anole/Brown_anole_Brown_anole_69.jpg,0.9285714285714285,False,0.75,False,0.8597726828532404,False,0.931357088576204,False,1,False,0.96498640907733,False,0.5746606302808636,False,1.0,False,1.0,False
c:/school programs/AI/ML_ENV/AI-Lizard-Prediction-Challenge/train/Brown_anole/Brown_anole_Brown_anole_70.jpg,0.7612701511541071,False,1.0,False,0.9167929607570096,False,0.9405445705012081,False,1,False,0.9075761772398347,False,0.49461354413038594,False,1.0,False,1.0,False
c:/school programs/AI/ML_ENV/AI-Lizard-Prediction-Challenge/train/Brown_anole/Brown_anole_Brown_anole_71.jpg,0.9285714285714285,False,0.75,False,0.820148632026363,False,1.0,False,1,False,0.9834149087426978,False,0.6205911597938236,False,1.0,False,1.0,False
c:/school programs/AI/ML_ENV/AI-Lizard-Prediction-Challenge/train/Brown_anole/Brown_anole_Brown_anole_73.jpg,0.9901718349307735,False,0.6669921875,False,0.9345638640943801,False,0.8457557273169694,False,1,False,0.9091390741845553,False,0.5164361962205597,False,1.0,False,1.0,False
c:/school programs/AI/ML_ENV/AI-Lizard-Prediction-Challenge/train/Brown_anole/Brown_anole_Brown_anole_75.jpg,0.9905452019764944,False,0.66650390625,False,0.9122526325028018,False,0.8758385914894575,False,1,False,0.9098039215686273,False,0.44860301883613163,False,1.0,False,1.0,False
c:/school programs/AI/ML_ENV/AI-Lizard-Prediction-Challenge/train/Brown_anole/Brown_anole_Brown_anole_76.jpg,0.9905452019764944,False,0.66650390625,False,0.8797250525356592,False,0.846512789713131,False,1,False,0.7547133148554794,False,0.5752509828801461,False,1.0,False,1.0,False
c:/school programs/AI/ML_ENV/AI-Lizard-Prediction-Challenge/train/Brown_anole/Brown_anole_Brown_anole_79.jpg,0.7612701511541071,False,1.0,False,0.8784890558914681,False,0.9437090274814701,False,1,False,0.9471867489617288,False,0.8015776872224605,False,1.0,False,1.0,False
c:/school programs/AI/ML_ENV/AI-Lizard-Prediction-Challenge/train/Brown_anole/Brown_anole_Brown_anole_8.jpg,0.9285714285714285,False,0.75,False,0.9353668743388817,False,0.9808235695096453,False,1,False,0.9925299151406259,False,0.47787821964102783,False,1.0,False,1.0,False
c:/school programs/AI/ML_ENV/AI-Lizard-Prediction-Challenge/train/Brown_anole/Brown_anole_Brown_anole_80.jpg,0.8626384826593022,False,0.84423828125,False,0.9264666684028161,False,0.9109398036731288,False,1,False,0.9707095428253,False,0.5952591987727545,False,1.0,False,1.0,False
c:/school programs/AI/ML_ENV/AI-Lizard-Prediction-Challenge/train/Brown_anole/Brown_anole_Brown_anole_81.jpg,0.926461275428192,False,0.7529296875,False,0.9307129679236301,False,0.9568627450980393,False,1,False,0.9601178080348534,False,0.5609675468871393,False,1.0,False,1.0,False
c:/school programs/AI/ML_ENV/AI-Lizard-Prediction-Challenge/train/Brown_anole/Brown_anole_Brown_anole_82.jpg,0.9901718349307735,False,0.6669921875,False,0.9207798713542646,False,0.8517371122269257,False,1,False,0.9006592826404346,False,0.5397338216135558,False,1.0,False,1.0,False
c:/school programs/AI/ML_ENV/AI-Lizard-Prediction-Challenge/train/Brown_anole/Brown_anole_Brown_anole_84.jpg,0.9901718349307735,False,0.6669921875,False,0.865622668520389,False,0.9808235695096453,False,1,False,0.9310502311218081,False,0.36125939790100703,False,1.0,False,1.0,False
c:/school programs/AI/ML_ENV/AI-Lizard-Prediction-Challenge/train/Brown_anole/Brown_anole_Brown_anole_85.jpg,0.9285714285714285,False,0.75,False,0.8768712591343668,False,0.7166944826806985,False,1,False,0.9214616792344529,False,0.49042890002710704,False,1.0,False,1.0,False
c:/school programs/AI/ML_ENV/AI-Lizard-Prediction-Challenge/train/Brown_anole/Brown_anole_Brown_anole_86.jpg,0.9285714285714285,False,0.75,False,0.9065504844888226,False,0.7352587677924773,False,1,False,0.9034198258706966,False,0.5158207379845818,False,1.0,False,1.0,False
c:/school programs/AI/ML_ENV/AI-Lizard-Prediction-Challenge/train/Brown_anole/Brown_anole_Brown_anole_87.jpg,0.9285714285714285,False,0.75,False,0.9299661266692083,False,0.8495458112949824,False,1,False,0.9862227640111277,False,0.5461882385144321,False,1.0,False,1.0,False
c:/school programs/AI/ML_ENV/AI-Lizard-Prediction-Challenge/train/Brown_anole/Brown_anole_Brown_anole_88.jpg,0.9285714285714285,False,0.75,False,0.864138148199393,False,0.7964992275240501,False,1,False,0.8480352759740744,False,0.702608547637203,False,1.0,False,1.0,False
c:/school programs/AI/ML_ENV/AI-Lizard-Prediction-Challenge/train/Brown_anole/Brown_anole_Brown_anole_89.jpg,0.9285714285714285,False,0.75,False,0.9338404657471413,False,0.8465208556485115,False,1,False,0.9820403165812509,False,0.5526877975222266,False,1.0,False,1.0,False
c:/school programs/AI/ML_ENV/AI-Lizard-Prediction-Challenge/train/Brown_anole/Brown_anole_Brown_anole_90.jpg,0.9567493134288424,False,0.71142578125,False,0.9180865259375856,False,0.8963674755912013,False,1,False,0.9795884470363508,False,0.5383092023156268,False,1.0,False,1.0,False
c:/school programs/AI/ML_ENV/AI-Lizard-Prediction-Challenge/train/Brown_anole/Brown_anole_Brown_anole_92.jpg,0.9265414150995837,False,0.5625,False,0.9538694925146131,False,0.9408819139612435,False,1,False,0.9888636657704483,False,0.6141090015515469,False,1.0,False,1.0,False
c:/school programs/AI/ML_ENV/AI-Lizard-Prediction-Challenge/train/Brown_anole/Brown_anole_Brown_anole_93.jpg,0.9265414150995837,False,0.5625,False,0.9228451625827415,False,0.7900430098418656,False,1,False,0.9737580719952239,False,0.46679036967679133,False,1.0,False,1.0,False
c:/school programs/AI/ML_ENV/AI-Lizard-Prediction-Challenge/train/Brown_anole/Brown_anole_Brown_anole_94.jpg,0.9285714285714285,False,0.75,False,0.8756880819130516,False,0.9311289477519422,False,1,False,0.6647406665662972,False,0.6255058299047287,False,1.0,False,1.0,False
c:/school programs/AI/ML_ENV/AI-Lizard-Prediction-Challenge/train/Brown_anole/Brown_anole_Brown_anole_95.jpg,0.9285714285714285,False,0.75,False,0.9387656869709146,False,0.8789539378030212,False,1,False,0.9790831103763467,False,0.5473585628935377,False,1.0,False,1.0,False
c:/school programs/AI/ML_ENV/AI-Lizard-Prediction-Challenge/train/Brown_anole/Brown_anole_Brown_anole_96.jpg,0.9285714285714285,False,0.75,False,0.9324138392588163,False,0.8927641340332687,False,1,False,0.9698675874854783,False,0.6046386814342929,False,1.0,False,1.0,False
c:/school programs/AI/ML_ENV/AI-Lizard-Prediction-Challenge/train/Brown_anole/Brown_anole_Brown_anole_97.jpg,0.9285714285714285,False,0.75,False,0.9402074561053747,False,0.8758216237533332,False,1,False,0.9574835658804699,False,0.5934803101207105,False,1.0,False,1.0,False
c:/school programs/AI/ML_ENV/AI-Lizard-Prediction-Challenge/train/Brown_anole/Brown_anole_Brown_anole_98.jpg,0.9285714285714285,False,0.75,False,0.8353326221076931,False,0.605695976172625,False,1,False,0.8365356510184347,False,0.6444526890668008,False,1.0,False,1.0,False
c:/school programs/AI/ML_ENV/AI-Lizard-Prediction-Challenge/train/Brown_anole/Brown_anole_Brown_anole_99.jpg,0.9285714285714285,False,0.75,False,0.9475916835960403,False,0.8709700820616265,False,1,False,0.992590961377846,False,0.5749254765058411,False,1.0,False,1.0,False
c:/school programs/AI/ML_ENV/AI-Lizard-Prediction-Challenge/train/Cuban_knight_anole/Cuban_knight_anole_Anolis_equestris_10.jpg,0.9285714285714285,False,0.75,False,0.8708454761570664,False,0.9733229547301598,False,1,False,0.927984532012017,False,0.5907458330421844,False,1.0,False,1.0,False
c:/school programs/AI/ML_ENV/AI-Lizard-Prediction-Challenge/train/Cuban_knight_anole/Cuban_knight_anole_Anolis_equestris_11.jpg,0.9285714285714285,False,0.75,False,0.8311107751524466,False,0.7205203935129834,False,1,False,0.9989411387528347,False,0.5044614876911516,False,1.0,False,1.0,False
c:/school programs/AI/ML_ENV/AI-Lizard-Prediction-Challenge/train/Cuban_knight_anole/Cuban_knight_anole_Anolis_equestris_12.jpg,0.47649603800035756,True,0.4580152671755725,False,0.8004520185170483,False,0.6017730617498975,False,1,False,0.8138622800216163,False,0.45479256633187026,False,1.0,False,1.0,False
c:/school programs/AI/ML_ENV/AI-Lizard-Prediction-Challenge/train/Cuban_knight_anole/Cuban_knight_anole_Anolis_equestris_13.jpg,0.9620465047609738,False,0.60595703125,False,0.932535061096516,False,0.8916715376838141,False,1,False,0.8973582142633355,False,0.5625300934596231,False,1.0,False,1.0,False
c:/school programs/AI/ML_ENV/AI-Lizard-Prediction-Challenge/train/Cuban_knight_anole/Cuban_knight_anole_Anolis_equestris_14.jpg,0.9265414150995837,False,0.5625,False,0.9178209934143275,False,0.9534326315959674,False,1,False,0.9694741476850242,False,0.5175120868020837,False,1.0,False,1.0,False
c:/school programs/AI/ML_ENV/AI-Lizard-Prediction-Challenge/train/Cuban_knight_anole/Cuban_knight_anole_Anolis_equestris_15.jpg,0.7612701511541071,False,1.0,False,0.8313451394394842,False,0.9830268094789784,False,1,False,0.7695944597312652,False,0.6753368816454104,False,1.0,False,1.0,False
c:/school programs/AI/ML_ENV/AI-Lizard-Prediction-Challenge/train/Cuban_knight_anole/Cuban_knight_anole_Anolis_equestris_16.jpg,0.9282194505449995,False,0.75048828125,False,0.8972303469847284,False,0.8443946968107359,False,1,False,0.7717530188014706,False,0.48091731279829575,False,1.0,False,1.0,False
c:/school programs/AI/ML_ENV/AI-Lizard-Prediction-Challenge/train/Cuban_knight_anole/Cuban_knight_anole_Anolis_equestris_17.jpg,0.9864812514112752,False,0.7502579979360166,False,0.8548672343659244,False,0.6182716816438862,False,1,False,0.9336779475835988,False,0.40642280894403227,False,1.0,False,1.0,False
c:/school programs/AI/ML_ENV/AI-Lizard-Prediction-Challenge/train/Cuban_knight_anole/Cuban_knight_anole_Anolis_equestris_19.jpg,0.9285714285714285,False,0.75,False,0.9236698263891268,False,0.8436610706741264,False,1,False,0.8631505375322068,False,0.5189264914109413,False,1.0,False,1.0,False
c:/school programs/AI/ML_ENV/AI-Lizard-Prediction-Challenge/train/Cuban_knight_anole/Cuban_knight_anole_Anolis_equestris_2.jpg,0.9265414150995837,False,0.5625,False,0.9097633223899328,False,0.9740962655161922,False,1,False,0.8844621065896942,False,0.5249459489377613,False,1.0,False,1.0,False
c:/school programs/AI/ML_ENV/AI-Lizard-Prediction-Challenge/train/Cuban_knight_anole/Cuban_knight_anole_Anolis_equestris_20.jpg,0.9285714285714285,False,0.75,False,0.9151444048858638,False,0.8245574169092542,False,1,False,0.8967665697723595,False,0.5291261735635554,False,1.0,False,1.0,False
c:/school programs/AI/ML_ENV/AI-Lizard-Prediction-Challenge/train/Cuban_knight_anole/Cuban_knight_anole_Anolis_equestris_3.jpg,0.926461275428192,False,0.7529296875,False,0.9261580944583927,False,0.8529965071410687,False,1,False,0.8866019644254203,False,0.5103650229058385,False,1.0,False,1.0,False
c:/school programs/AI/ML_ENV/AI-Lizard-Prediction-Challenge/train/Cuban_knight_anole/Cuban_knight_anole_Anolis_equestris_4.jpg,0.9285714285714285,False,0.75,False,0.8443660703227538,False,0.9921568627450981,False,1,False,0.8952178301818984,False,0.4127451519158549,False,1.0,False,1.0,False
c:/school programs/AI/ML_ENV/AI-Lizard-Prediction-Challenge/train/Cuban_knight_anole/Cuban_knight_anole_Anolis_equestris_5.jpg,0.627115280930385,False,0.9361111111111111,False,0.8675763768202673,False,0.914839274917945,False,1,False,0.643458587827038,False,0.4966634658132604,False,1.0,False,1.0,False
c:/school programs/AI/ML_ENV/AI-Lizard-Prediction-Challenge/train/Cuban_knight_anole/Cuban_knight_anole_Anolis_equestris_6.jpg,0.9285714285714285,False,0.75,False,0.5305597466907526,False,1.0,False,1,False,0.6837430622415109,False,0.9399249154473515,False,1.0,False,1.0,False
c:/school programs/AI/ML_ENV/AI-Lizard-Prediction-Challenge/train/Cuban_knight_anole/Cuban_knight_anole_Anolis_equestris_7.jpg,0.9285714285714285,False,0.75,False,0.8766111075733074,False,0.7524690474463323,False,1,False,0.9691016462523088,False,0.4504090488287634,False,1.0,False,1.0,False
c:/school programs/AI/ML_ENV/AI-Lizard-Prediction-Challenge/train/Cuban_knight_anole/Cuban_knight_anole_Anolis_equestris_8.jpg,0.7612701511541071,False,1.0,False,0.7564171411776703,False,0.988725916461596,False,1,False,0.8914386552782809,False,0.858770392225935,False,1.0,False,1.0,False
c:/school programs/AI/ML_ENV/AI-Lizard-Prediction-Challenge/train/Cuban_knight_anole/Cuban_knight_anole_Anolis_equestris_9.jpg,0.9285714285714285,False,0.75,False,0.821948794016562,False,1.0,False,1,False,0.9119337814982811,False,0.6031649631768567,False,1.0,False,1.0,False
c:/school programs/AI/ML_ENV/AI-Lizard-Prediction-Challenge/train/Cuban_knight_anole/Cuban_knight_anole_Cuban_knight_anole_1.jpg,0.4858479264035651,True,0.917550058892815,False,0.9116512465983612,False,0.8495128250224764,False,1,False,0.8256796410627446,False,0.520319614366282,False,1.0,False,1.0,False
c:/school programs/AI/ML_ENV/AI-Lizard-Prediction-Challenge/train/Cuban_knight_anole/Cuban_knight_anole_Cuban_knight_anole_100.jpg,0.9285714285714285,False,0.75,False,0.8760674082967626,False,0.8154053038534312,False,1,False,0.939703847921944,False,0.4652982593707746,False,1.0,False,1.0,False
c:/school programs/AI/ML_ENV/AI-Lizard-Prediction-Challenge/train/Cuban_knight_anole/Cuban_knight_anole_Cuban_knight_anole_101.jpg,0.3146406621508617,True,0.7495934959349594,False,0.8343409561719883,False,0.8790245972999509,False,1,False,0.7400057981630136,False,0.33786253492048035,False,1.0,False,1.0,False
c:/school programs/AI/ML_ENV/AI-Lizard-Prediction-Challenge/train/Cuban_knight_anole/Cuban_knight_anole_Cuban_knight_anole_102.jpg,0.9285714285714285,False,0.75,False,0.937817181262375,False,0.9337025216735277,False,1,False,0.971558532623997,False,0.512731459903996,False,1.0,False,1.0,False
c:/school programs/AI/ML_ENV/AI-Lizard-Prediction-Challenge/train/Cuban_knight_anole/Cuban_knight_anole_Cuban_knight_anole_103.jpg,0.9905452019764944,False,0.66650390625,False,0.868349409990597,False,0.9048257834921176,False,1,False,0.9954021557889692,False,0.5280344402333672,False,1.0,False,1.0,False
c:/school programs/AI/ML_ENV/AI-Lizard-Prediction-Challenge/train/Cuban_knight_anole/Cuban_knight_anole_Cuban_knight_anole_104.jpg,0.9285714285714285,False,0.75,False,0.9062534136363434,False,0.8324656037313451,False,1,False,0.936466375988162,False,0.5574669612392402,False,1.0,False,1.0,False
c:/school programs/AI/ML_ENV/AI-Lizard-Prediction-Challenge/train/Cuban_knight_anole/Cuban_knight_anole_Cuban_knight_anole_105.jpg,0.9285714285714285,False,0.75,False,0.9180373628450096,False,0.925997184088823,False,1,False,0.8790482077073877,False,0.32531939342246907,False,1.0,False,1.0,False
c:/school programs/AI/ML_ENV/AI-Lizard-Prediction-Challenge/train/Cuban_knight_anole/Cuban_knight_anole_Cuban_knight_anole_107.jpg,0.9458540717070689,False,0.6666666666666666,False,0.8721419882462902,False,0.878948601890615,False,1,False,0.7705811777345977,False,0.4781419164935836,False,1.0,False,1.0,False
c:/school programs/AI/ML_ENV/AI-Lizard-Prediction-Challenge/train/Cuban_knight_anole/Cuban_knight_anole_Cuban_knight_anole_108.jpg,0.9285714285714285,False,0.75,False,0.8832517792346677,False,0.839519416484406,False,1,False,0.9381729198436042,False,0.4127875354214686,False,1.0,False,1.0,False
c:/school programs/AI/ML_ENV/AI-Lizard-Prediction-Challenge/train/Cuban_knight_anole/Cuban_knight_anole_Cuban_knight_anole_110.jpg,0.9285714285714285,False,0.75,False,0.9260308977212598,False,0.8504340253378986,False,1,False,0.9283741500057342,False,0.4858837790374426,False,1.0,False,1.0,False
c:/school programs/AI/ML_ENV/AI-Lizard-Prediction-Challenge/train/Cuban_knight_anole/Cuban_knight_anole_Cuban_knight_anole_111.jpg,0.9285714285714285,False,0.75,False,0.8866563335777324,False,0.9269763274861854,False,1,False,1.0,False,0.4422954703277029,False,1.0,False,1.0,False
c:/school programs/AI/ML_ENV/AI-Lizard-Prediction-Challenge/train/Cuban_knight_anole/Cuban_knight_anole_Cuban_knight_anole_112.jpg,0.9285714285714285,False,0.75,False,0.9167419675615829,False,0.8259065552944995,False,1,False,0.8961005188851161,False,0.5459309261079687,False,1.0,False,1.0,False
c:/school programs/AI/ML_ENV/AI-Lizard-Prediction-Challenge/train/Cuban_knight_anole/Cuban_knight_anole_Cuban_knight_anole_114.jpg,0.9905452019764944,False,0.66650390625,False,0.9175672259651094,False,0.9079502499825362,False,1,False,0.928846887162996,False,0.5824782761280147,False,1.0,False,1.0,False
c:/school programs/AI/ML_ENV/AI-Lizard-Prediction-Challenge/train/Cuban_knight_anole/Cuban_knight_anole_Cuban_knight_anole_117.jpg,0.926461275428192,False,0.7529296875,False,0.9174974843887557,False,0.9054466783129184,False,1,False,0.8678567997294261,False,0.5543287575534336,False,1.0,False,1.0,False
c:/school programs/AI/ML_ENV/AI-Lizard-Prediction-Challenge/train/Cuban_knight_anole/Cuban_knight_anole_Cuban_knight_anole_118.jpg,0.9265414150995837,False,0.5625,False,0.9263614821243762,False,0.8687262297023275,False,1,False,0.9738515708096761,False,0.5442747101464789,False,1.0,False,1.0,False
c:/school programs/AI/ML_ENV/AI-Lizard-Prediction-Challenge/train/Cuban_knight_anole/Cuban_knight_anole_Cuban_knight_anole_119.jpg,0.9285714285714285,False,0.75,False,0.8979678661224734,False,0.8572555483746591,False,1,False,0.9655188428556253,False,0.531897326080224,False,1.0,False,1.0,False
c:/school programs/AI/ML_ENV/AI-Lizard-Prediction-Challenge/train/Cuban_knight_anole/Cuban_knight_anole_Cuban_knight_anole_120.jpg,0.9285714285714285,False,0.75,False,0.8640813200323715,False,0.6631454040110064,False,1,False,0.9943193669340891,False,0.5055296448301192,False,1.0,False,1.0,False
c:/school programs/AI/ML_ENV/AI-Lizard-Prediction-Challenge/train/Cuban_knight_anole/Cuban_knight_anole_Cuban_knight_anole_121.jpg,0.9285714285714285,False,0.75,False,0.9042325984592996,False,0.9080266324090459,False,1,False,0.9917476952153775,False,0.5874153371983035,False,1.0,False,1.0,False
c:/school programs/AI/ML_ENV/AI-Lizard-Prediction-Challenge/train/Cuban_knight_anole/Cuban_knight_anole_Cuban_knight_anole_123.jpg,0.9285714285714285,False,0.75,False,0.9492154063629124,False,0.9333932218247644,False,1,False,0.9959750139304211,False,0.4924989872655602,False,1.0,False,1.0,False
c:/school programs/AI/ML_ENV/AI-Lizard-Prediction-Challenge/train/Cuban_knight_anole/Cuban_knight_anole_Cuban_knight_anole_124.jpg,0.9285714285714285,False,0.75,False,0.9218917192140119,False,0.8980392156862745,False,1,False,0.9884677208777352,False,0.4656965431640899,False,1.0,False,1.0,False
c:/school programs/AI/ML_ENV/AI-Lizard-Prediction-Challenge/train/Cuban_knight_anole/Cuban_knight_anole_Cuban_knight_anole_125.jpg,0.9905452019764944,False,0.66650390625,False,0.8247243427120564,False,0.6934039085358007,False,1,False,0.6940107927058173,False,0.3191583516219396,False,1.0,False,1.0,False
c:/school programs/AI/ML_ENV/AI-Lizard-Prediction-Challenge/train/Cuban_knight_anole/Cuban_knight_anole_Cuban_knight_anole_126.jpg,0.9285714285714285,False,0.75,False,0.9214207914393404,False,0.9756748919749448,False,1,False,0.9831186871081113,False,0.6238200055333442,False,1.0,False,1.0,False
c:/school programs/AI/ML_ENV/AI-Lizard-Prediction-Challenge/train/Cuban_knight_anole/Cuban_knight_anole_Cuban_knight_anole_128.jpg,0.7503723730880969,False,0.75,False,0.9050432953083366,False,0.8525830243632628,False,1,False,0.8079276559632556,False,0.459623135302732,False,1.0,False,1.0,False
c:/school programs/AI/ML_ENV/AI-Lizard-Prediction-Challenge/train/Cuban_knight_anole/Cuban_knight_anole_Cuban_knight_anole_130.jpg,0.8474755933157314,False,0.86669921875,False,0.9176445017317049,False,0.8454425772592598,False,1,False,1.0,False,0.5809459170354528,False,1.0,False,1.0,False
c:/school programs/AI/ML_ENV/AI-Lizard-Prediction-Challenge/train/Cuban_knight_anole/Cuban_knight_anole_Cuban_knight_anole_131.jpg,0.9285714285714285,False,0.75,False,0.8714598530181079,False,0.7789367902288111,False,1,False,0.8478217242581937,False,0.46362905284452316,False,1.0,False,1.0,False
c:/school programs/AI/ML_ENV/AI-Lizard-Prediction-Challenge/train/Cuban_knight_anole/Cuban_knight_anole_Cuban_knight_anole_133.jpg,0.926461275428192,False,0.7529296875,False,0.8731082062569128,False,0.7079945385057265,False,1,False,0.7552502461017612,False,0.40128542231748987,False,1.0,False,1.0,False
c:/school programs/AI/ML_ENV/AI-Lizard-Prediction-Challenge/train/Cuban_knight_anole/Cuban_knight_anole_Cuban_knight_anole_134.jpg,0.9285714285714285,False,0.75,False,0.8940786071719098,False,0.7809165925773474,False,1,False,0.8967380590128436,False,0.47343382400013667,False,1.0,False,1.0,False
c:/school programs/AI/ML_ENV/AI-Lizard-Prediction-Challenge/train/Cuban_knight_anole/Cuban_knight_anole_Cuban_knight_anole_135.jpg,0.9905452019764944,False,0.66650390625,False,0.9329413584406088,False,0.9137733644414989,False,1,False,0.9445206274540935,False,0.5405216440179321,False,1.0,False,1.0,False
c:/school programs/AI/ML_ENV/AI-Lizard-Prediction-Challenge/train/Cuban_knight_anole/Cuban_knight_anole_Cuban_knight_anole_136.jpg,0.9285714285714285,False,0.75,False,0.8822132257380103,False,0.8042850820601795,False,1,False,0.9765110394015261,False,0.5268172873556147,False,1.0,False,1.0,False
c:/school programs/AI/ML_ENV/AI-Lizard-Prediction-Challenge/train/Cuban_knight_anole/Cuban_knight_anole_Cuban_knight_anole_137.jpg,0.9285714285714285,False,0.75,False,0.9265837511174171,False,0.9236519836024332,False,1,False,0.8729241704182403,False,0.5131774974266212,False,1.0,False,1.0,False
c:/school programs/AI/ML_ENV/AI-Lizard-Prediction-Challenge/train/Cuban_knight_anole/Cuban_knight_anole_Cuban_knight_anole_138.jpg,0.9905452019764944,False,0.66650390625,False,0.8535665103350198,False,0.5885174262538788,False,1,False,1.0,False,0.566134062207452,False,1.0,False,1.0,False
c:/school programs/AI/ML_ENV/AI-Lizard-Prediction-Challenge/train/Cuban_knight_anole/Cuban_knight_anole_Cuban_knight_anole_139.jpg,0.9285714285714285,False,0.75,False,0.9460145980623529,False,0.8448755630902509,False,1,False,0.9938459465504789,False,0.5696737561272611,False,1.0,False,1.0,False
c:/school programs/AI/ML_ENV/AI-Lizard-Prediction-Challenge/train/Cuban_knight_anole/Cuban_knight_anole_Cuban_knight_anole_140.jpg,0.9285714285714285,False,0.75,False,0.9101943115148226,False,0.7745838484741958,False,1,False,0.875096356533378,False,0.5264591733591996,False,1.0,False,1.0,False
c:/school programs/AI/ML_ENV/AI-Lizard-Prediction-Challenge/train/Cuban_knight_anole/Cuban_knight_anole_Cuban_knight_anole_142.jpg,0.9285714285714285,False,0.75,False,0.8691230673566332,False,0.7823482070820462,False,1,False,0.929163034476016,False,0.5103464306339269,False,1.0,False,1.0,False
c:/school programs/AI/ML_ENV/AI-Lizard-Prediction-Challenge/train/Cuban_knight_anole/Cuban_knight_anole_Cuban_knight_anole_143.jpg,0.926461275428192,False,0.7529296875,False,0.9094808596324855,False,0.92338103886315,False,1,False,0.8581650712444762,False,0.5720071420137173,False,1.0,False,1.0,False
c:/school programs/AI/ML_ENV/AI-Lizard-Prediction-Challenge/train/Cuban_knight_anole/Cuban_knight_anole_Cuban_knight_anole_144.jpg,0.9285714285714285,False,0.75,False,0.9247759400099179,False,0.8087220179006842,False,1,False,0.8889746133211934,False,0.4920812144500408,False,1.0,False,1.0,False
c:/school programs/AI/ML_ENV/AI-Lizard-Prediction-Challenge/train/Cuban_knight_anole/Cuban_knight_anole_Cuban_knight_anole_145.jpg,0.9285714285714285,False,0.75,False,0.9048878739280503,False,0.8123472658468832,False,1,False,0.9586633088775164,False,0.5301379693893516,False,1.0,False,1.0,False
c:/school programs/AI/ML_ENV/AI-Lizard-Prediction-Challenge/train/Cuban_knight_anole/Cuban_knight_anole_Cuban_knight_anole_146.jpg,0.9285714285714285,False,0.75,False,0.9510088659037207,False,0.8981705522451131,False,1,False,0.9816445099259421,False,0.5295963159517134,False,1.0,False,1.0,False
c:/school programs/AI/ML_ENV/AI-Lizard-Prediction-Challenge/train/Cuban_knight_anole/Cuban_knight_anole_Cuban_knight_anole_147.jpg,0.28265277049782145,True,0.5625,False,0.8993502117332209,False,0.7081484685379178,False,1,False,0.9925299151406259,False,0.5310019127940173,False,1.0,False,1.0,False
c:/school programs/AI/ML_ENV/AI-Lizard-Prediction-Challenge/train/Cuban_knight_anole/Cuban_knight_anole_Cuban_knight_anole_149.jpg,0.9285714285714285,False,0.75,False,0.8752530133918758,False,0.9924282237577116,False,1,False,0.8848137102277503,False,0.5127573079114897,False,1.0,False,1.0,False
c:/school programs/AI/ML_ENV/AI-Lizard-Prediction-Challenge/train/Cuban_knight_anole/Cuban_knight_anole_Cuban_knight_anole_150.jpg,0.9285714285714285,False,0.75,False,0.9128753274544276,False,0.8266922652209197,False,1,False,0.9710609108494569,False,0.5450644554355375,False,1.0,False,1.0,False
c:/school programs/AI/ML_ENV/AI-Lizard-Prediction-Challenge/train/Cuban_knight_anole/Cuban_knight_anole_Cuban_knight_anole_152.jpg,0.9659551268441501,False,0.61083984375,False,0.9224844720715265,False,0.7254277942074769,False,1,False,0.9802810054638428,False,0.5523728062989364,False,1.0,False,1.0,False
c:/school programs/AI/ML_ENV/AI-Lizard-Prediction-Challenge/train/Cuban_knight_anole/Cuban_knight_anole_Cuban_knight_anole_153.jpg,0.5575286513319639,False,0.6666666666666666,False,0.8928077987649582,False,0.8843989679288418,False,1,False,0.9549615464512936,False,0.5132694695201299,False,1.0,False,1.0,False
c:/school programs/AI/ML_ENV/AI-Lizard-Prediction-Challenge/train/Cuban_knight_anole/Cuban_knight_anole_Cuban_knight_anole_154.jpg,0.9271642029174874,False,0.751953125,False,0.9238516812658539,False,0.9036672433696616,False,1,False,0.9487459773940987,False,0.5793346049233628,False,1.0,False,1.0,False
c:/school programs/AI/ML_ENV/AI-Lizard-Prediction-Challenge/train/Cuban_knight_anole/Cuban_knight_anole_Cuban_knight_anole_155.jpg,0.954582822474502,False,0.71435546875,False,0.8602372935646913,False,0.8326214970645699,False,1,False,0.9467518584086727,False,0.4823146439656071,False,1.0,False,1.0,False
c:/school programs/AI/ML_ENV/AI-Lizard-Prediction-Challenge/train/Cuban_knight_anole/Cuban_knight_anole_Cuban_knight_anole_156.jpg,0.9285714285714285,False,0.75,False,0.9248686910747234,False,0.776996249318208,False,1,False,0.959559811934482,False,0.6343589599608418,False,1.0,False,1.0,False
c:/school programs/AI/ML_ENV/AI-Lizard-Prediction-Challenge/train/Cuban_knight_anole/Cuban_knight_anole_Cuban_knight_anole_157.jpg,0.9285714285714285,False,0.75,False,0.9347045726717582,False,0.8982813584176078,False,1,False,1.0,False,0.5986197646914582,False,1.0,False,1.0,False
c:/school programs/AI/ML_ENV/AI-Lizard-Prediction-Challenge/train/Cuban_knight_anole/Cuban_knight_anole_Cuban_knight_anole_158.jpg,0.7503723730880969,False,0.75,False,0.8578423987177397,False,0.8220143468322123,False,1,False,1.0,False,0.6204246768297794,False,1.0,False,1.0,False
c:/school programs/AI/ML_ENV/AI-Lizard-Prediction-Challenge/train/Cuban_knight_anole/Cuban_knight_anole_Cuban_knight_anole_159.jpg,0.4759623508422499,True,0.7912946428571429,False,0.8947482367141663,False,0.8614523623274216,False,1,False,0.938752892652828,False,0.43167204094834244,False,1.0,False,1.0,False
c:/school programs/AI/ML_ENV/AI-Lizard-Prediction-Challenge/train/Cuban_knight_anole/Cuban_knight_anole_Cuban_knight_anole_160.jpg,0.9285714285714285,False,0.75,False,0.9256949027215772,False,0.8750661843803893,False,1,False,0.8538236768814643,False,0.5037804154815683,False,1.0,False,1.0,False
c:/school programs/AI/ML_ENV/AI-Lizard-Prediction-Challenge/train/Cuban_knight_anole/Cuban_knight_anole_Cuban_knight_anole_161.jpg,0.4449817117829593,True,0.7494199535962877,False,0.9138645829441734,False,0.7027153153655201,False,1,False,0.9881770835641521,False,0.5604643774348401,False,1.0,False,1.0,False
c:/school programs/AI/ML_ENV/AI-Lizard-Prediction-Challenge/train/Cuban_knight_anole/Cuban_knight_anole_Cuban_knight_anole_163.jpg,0.9265414150995837,False,0.5625,False,0.864912691127395,False,0.7100358902745488,False,1,False,0.8172854704305313,False,0.5485814458211127,False,1.0,False,1.0,False
c:/school programs/AI/ML_ENV/AI-Lizard-Prediction-Challenge/train/Cuban_knight_anole/Cuban_knight_anole_Cuban_knight_anole_164.jpg,0.9905452019764944,False,0.66650390625,False,0.906155544532497,False,0.9203406908369638,False,1,False,0.9853248068579272,False,0.5110189065656876,False,1.0,False,1.0,False
c:/school programs/AI/ML_ENV/AI-Lizard-Prediction-Challenge/train/Cuban_knight_anole/Cuban_knight_anole_Cuban_knight_anole_165.jpg,0.9285714285714285,False,0.75,False,0.9364274754744191,False,0.9079439015626039,False,1,False,0.932056236165011,False,0.5445797592072803,False,1.0,False,1.0,False
c:/school programs/AI/ML_ENV/AI-Lizard-Prediction-Challenge/train/Cuban_knight_anole/Cuban_knight_anole_Cuban_knight_anole_166.jpg,0.9265414150995837,False,0.5625,False,0.9266635088213748,False,0.8226226455542752,False,1,False,0.9475429120442624,False,0.5475085531618108,False,1.0,False,1.0,False
c:/school programs/AI/ML_ENV/AI-Lizard-Prediction-Challenge/train/Cuban_knight_anole/Cuban_knight_anole_Cuban_knight_anole_167.jpg,0.926461275428192,False,0.7529296875,False,0.8769336050380675,False,0.9355173190101751,False,1,False,0.9506335005077307,False,0.6610831637313725,False,1.0,False,1.0,False
c:/school programs/AI/ML_ENV/AI-Lizard-Prediction-Challenge/train/Cuban_knight_anole/Cuban_knight_anole_Cuban_knight_anole_168.jpg,0.9285714285714285,False,0.75,False,0.8888129386979737,False,0.874209428120164,False,1,False,0.9765188821823911,False,0.5275395575467485,False,1.0,False,1.0,False
c:/school programs/AI/ML_ENV/AI-Lizard-Prediction-Challenge/train/Cuban_knight_anole/Cuban_knight_anole_Cuban_knight_anole_169.jpg,0.8149708328146902,False,0.7503201024327785,False,0.926605825576608,False,0.8789539378030212,False,1,False,0.9212386476399158,False,0.544215828337558,False,1.0,False,1.0,False
c:/school programs/AI/ML_ENV/AI-Lizard-Prediction-Challenge/train/Cuban_knight_anole/Cuban_knight_anole_Cuban_knight_anole_171.jpg,0.9577287873542735,False,0.6005859375,False,0.8743001175318318,False,0.6734578774714246,False,1,False,0.9721412253842048,False,0.521032851440818,False,1.0,False,1.0,False
c:/school programs/AI/ML_ENV/AI-Lizard-Prediction-Challenge/train/Cuban_knight_anole/Cuban_knight_anole_Cuban_knight_anole_173.jpg,0.9905452019764944,False,0.66650390625,False,0.7771523359005005,False,0.9779790739486293,False,1,False,0.9842992577641534,False,0.8244039436761444,False,1.0,False,1.0,False
c:/school programs/AI/ML_ENV/AI-Lizard-Prediction-Challenge/train/Cuban_knight_anole/Cuban_knight_anole_Cuban_knight_anole_174.jpg,0.9905452019764944,False,0.66650390625,False,0.9069896626576185,False,0.7256771504972228,False,1,False,1.0,False,0.511106290945073,False,1.0,False,1.0,False
c:/school programs/AI/ML_ENV/AI-Lizard-Prediction-Challenge/train/Cuban_knight_anole/Cuban_knight_anole_Cuban_knight_anole_175.jpg,0.9285714285714285,False,0.75,False,0.9185876668583148,False,0.8608531515122962,False,1,False,0.843625540324368,False,0.5673136211403187,False,1.0,False,1.0,False
c:/school programs/AI/ML_ENV/AI-Lizard-Prediction-Challenge/train/Cuban_knight_anole/Cuban_knight_anole_Cuban_knight_anole_177.jpg,0.8391308056821302,False,0.46240234375,False,0.9021044047531532,False,0.8492883981635635,False,1,False,0.8921521034132909,False,0.5195985966082945,False,1.0,False,1.0,False
c:/school programs/AI/ML_ENV/AI-Lizard-Prediction-Challenge/train/Cuban_knight_anole/Cuban_knight_anole_Cuban_knight_anole_178.jpg,0.9285714285714285,False,0.75,False,0.9289713697222748,False,0.8341724468210718,False,1,False,0.9872059765511999,False,0.38901061898922107,False,1.0,False,1.0,False
c:/school programs/AI/ML_ENV/AI-Lizard-Prediction-Challenge/train/Cuban_knight_anole/Cuban_knight_anole_Cuban_knight_anole_179.jpg,0.9265414150995837,False,0.5625,False,0.9110789026085704,False,0.8693285315007957,False,1,False,0.980735218408848,False,0.5730190590477106,False,1.0,False,1.0,False
c:/school programs/AI/ML_ENV/AI-Lizard-Prediction-Challenge/train/Cuban_knight_anole/Cuban_knight_anole_Cuban_knight_anole_18.jpg,0.9285714285714285,False,0.75,False,0.9381283985320628,False,0.9686009915500238,False,1,False,0.9836193785665165,False,0.601149063801192,False,1.0,False,1.0,False
c:/school programs/AI/ML_ENV/AI-Lizard-Prediction-Challenge/train/Cuban_knight_anole/Cuban_knight_anole_Cuban_knight_anole_181.jpg,0.9285714285714285,False,0.75,False,0.8483616110637344,False,0.7908848395577275,False,1,False,0.7885589131789822,False,0.6971863037679472,False,1.0,False,1.0,False
c:/school programs/AI/ML_ENV/AI-Lizard-Prediction-Challenge/train/Cuban_knight_anole/Cuban_knight_anole_Cuban_knight_anole_182.jpg,0.9265414150995837,False,0.5625,False,0.892988045819572,False,0.6957063631049359,False,1,False,0.8963466882969529,False,0.4802439681862801,False,1.0,False,1.0,False
c:/school programs/AI/ML_ENV/AI-Lizard-Prediction-Challenge/train/Cuban_knight_anole/Cuban_knight_anole_Cuban_knight_anole_186.jpg,0.9285714285714285,False,0.75,False,0.9238510609948579,False,0.8000704853154896,False,1,False,0.9286585100131884,False,0.4845635274069946,False,1.0,False,1.0,False
c:/school programs/AI/ML_ENV/AI-Lizard-Prediction-Challenge/train/Cuban_knight_anole/Cuban_knight_anole_Cuban_knight_anole_187.jpg,0.9285714285714285,False,0.75,False,0.9021388098573067,False,0.8411525556615512,False,1,False,0.970734320557003,False,0.5446574470734424,False,1.0,False,1.0,False
c:/school programs/AI/ML_ENV/AI-Lizard-Prediction-Challenge/train/Cuban_knight_anole/Cuban_knight_anole_Cuban_knight_anole_188.jpg,0.9285714285714285,False,0.75,False,0.8229016282763149,False,0.6847594670448622,False,1,False,0.8740605194256335,False,0.719348090541893,False,1.0,False,1.0,False
c:/school programs/AI/ML_ENV/AI-Lizard-Prediction-Challenge/train/Cuban_knight_anole/Cuban_knight_anole_Cuban_knight_anole_189.jpg,0.9285714285714285,False,0.75,False,0.9274488668467525,False,0.8867906234566598,False,1,False,0.9294544624923707,False,0.5279500173214757,False,1.0,False,1.0,False
c:/school programs/AI/ML_ENV/AI-Lizard-Prediction-Challenge/train/Cuban_knight_anole/Cuban_knight_anole_Cuban_knight_anole_193.jpg,0.8386823479313791,False,0.4619140625,False,0.8275683312616927,False,1.0,False,1,False,0.7882941837332372,False,0.5046004803228882,False,1.0,False,1.0,False
c:/school programs/AI/ML_ENV/AI-Lizard-Prediction-Challenge/train/Cuban_knight_anole/Cuban_knight_anole_Cuban_knight_anole_194.jpg,0.9265414150995837,False,0.5625,False,0.9271100289177214,False,0.8829223298134072,False,1,False,0.9691513309032107,False,0.5592813471000735,False,1.0,False,1.0,False
c:/school programs/AI/ML_ENV/AI-Lizard-Prediction-Challenge/train/Cuban_knight_anole/Cuban_knight_anole_Cuban_knight_anole_196.jpg,0.9285714285714285,False,0.75,False,0.919816081381336,False,0.8685734965930765,False,1,False,0.9539249339964415,False,0.5463784389261719,False,1.0,False,1.0,False
c:/school programs/AI/ML_ENV/AI-Lizard-Prediction-Challenge/train/Cuban_knight_anole/Cuban_knight_anole_Cuban_knight_anole_197.jpg,0.9265414150995837,False,0.5625,False,0.910308231660498,False,0.7953201128367755,False,1,False,0.9647468746272451,False,0.4988522774632417,False,1.0,False,1.0,False
c:/school programs/AI/ML_ENV/AI-Lizard-Prediction-Challenge/train/Cuban_knight_anole/Cuban_knight_anole_Cuban_knight_anole_198.jpg,0.9285714285714285,False,0.75,False,0.9147940964933275,False,0.8873798134408957,False,1,False,0.913482227989969,False,0.5129087685837372,False,1.0,False,1.0,False
c:/school programs/AI/ML_ENV/AI-Lizard-Prediction-Challenge/train/Cuban_knight_anole/Cuban_knight_anole_Cuban_knight_anole_199.jpg,0.48080978861170565,True,0.8,False,0.834498586843754,False,0.8641254281717446,False,1,False,0.9418693446336549,False,0.4264542078172985,False,1.0,False,1.0,False
c:/school programs/AI/ML_ENV/AI-Lizard-Prediction-Challenge/train/Cuban_knight_anole/Cuban_knight_anole_Cuban_knight_anole_200.jpg,0.9265414150995837,False,0.5625,False,0.9095250919092109,False,0.8157524106974988,False,1,False,0.9251583403033415,False,0.5342684211998023,False,1.0,False,1.0,False
c:/school programs/AI/ML_ENV/AI-Lizard-Prediction-Challenge/train/Cuban_knight_anole/Cuban_knight_anole_Cuban_knight_anole_21.jpg,0.9285714285714285,False,0.75,False,0.9334854531574751,False,0.8831177802777632,False,1,False,0.8940075009555041,False,0.5208550821347129,False,1.0,False,1.0,False
c:/school programs/AI/ML_ENV/AI-Lizard-Prediction-Challenge/train/Cuban_knight_anole/Cuban_knight_anole_Cuban_knight_anole_22.jpg,0.9285714285714285,False,0.75,False,0.9226921314298416,False,0.7737658988743945,False,1,False,0.8892885414519343,False,0.49900275358556767,False,1.0,False,1.0,False
c:/school programs/AI/ML_ENV/AI-Lizard-Prediction-Challenge/train/Cuban_knight_anole/Cuban_knight_anole_Cuban_knight_anole_23.jpg,0.8283016098563882,False,0.45068359375,False,0.8462627232126144,False,0.9913939659768815,False,1,False,0.7980363539959291,False,0.4219241194122205,False,1.0,False,1.0,False
c:/school programs/AI/ML_ENV/AI-Lizard-Prediction-Challenge/train/Cuban_knight_anole/Cuban_knight_anole_Cuban_knight_anole_24.jpg,0.9285714285714285,False,0.75,False,0.8749327567845655,False,0.9126178939996406,False,1,False,0.8827953662049031,False,0.5810629813006641,False,1.0,False,1.0,False
c:/school programs/AI/ML_ENV/AI-Lizard-Prediction-Challenge/train/Cuban_knight_anole/Cuban_knight_anole_Cuban_knight_anole_25.jpg,0.9265414150995837,False,0.5625,False,0.9464780784894874,False,0.909569358709145,False,1,False,0.9680962439562678,False,0.5943747263521088,False,1.0,False,1.0,False
c:/school programs/AI/ML_ENV/AI-Lizard-Prediction-Challenge/train/Cuban_knight_anole/Cuban_knight_anole_Cuban_knight_anole_26.jpg,0.8194592970642793,False,0.7498408656906429,False,0.8962238381449095,False,0.7982957273378921,False,1,False,0.9777239534659484,False,0.4159850123796609,False,1.0,False,1.0,False
c:/school programs/AI/ML_ENV/AI-Lizard-Prediction-Challenge/train/Cuban_knight_anole/Cuban_knight_anole_Cuban_knight_anole_27.jpg,0.8386823479313791,False,0.4619140625,False,0.9057808576288,False,0.8734014631108098,False,1,False,0.8952104862470384,False,0.6086973097948958,False,1.0,False,1.0,False
c:/school programs/AI/ML_ENV/AI-Lizard-Prediction-Challenge/train/Cuban_knight_anole/Cuban_knight_anole_Cuban_knight_anole_29.jpg,0.4872259512991072,True,0.7494692144373672,False,0.913662500845724,False,0.881525783622872,False,1,False,0.9564869721803785,False,0.519186151141386,False,1.0,False,1.0,False
c:/school programs/AI/ML_ENV/AI-Lizard-Prediction-Challenge/train/Cuban_knight_anole/Cuban_knight_anole_Cuban_knight_anole_31.jpg,0.949431918118389,False,0.59033203125,False,0.562982980054651,False,0.9951271452338795,False,1,False,0.7889506740037375,False,0.9268202905469926,False,1.0,False,1.0,False
c:/school programs/AI/ML_ENV/AI-Lizard-Prediction-Challenge/train/Cuban_knight_anole/Cuban_knight_anole_Cuban_knight_anole_32.jpg,0.9285714285714285,False,0.75,False,0.7550354220716288,False,0.987997821548498,False,1,False,0.9412927624233293,False,0.7818742383877464,False,1.0,False,1.0,False
c:/school programs/AI/ML_ENV/AI-Lizard-Prediction-Challenge/train/Cuban_knight_anole/Cuban_knight_anole_Cuban_knight_anole_33.jpg,0.9285714285714285,False,0.75,False,0.9188675490411937,False,0.970485147979168,False,1,False,0.9258482520220904,False,0.5650484795236557,False,1.0,False,1.0,False
c:/school programs/AI/ML_ENV/AI-Lizard-Prediction-Challenge/train/Cuban_knight_anole/Cuban_knight_anole_Cuban_knight_anole_34.jpg,0.9285714285714285,False,0.75,False,0.9002904218706109,False,0.9666938980898074,False,1,False,0.9256338290005581,False,0.571232587512996,False,1.0,False,1.0,False
c:/school programs/AI/ML_ENV/AI-Lizard-Prediction-Challenge/train/Cuban_knight_anole/Cuban_knight_anole_Cuban_knight_anole_35.jpg,0.9285714285714285,False,0.75,False,0.917829776983666,False,0.9673853720522416,False,1,False,0.918927320424739,False,0.5398730042076052,False,1.0,False,1.0,False
c:/school programs/AI/ML_ENV/AI-Lizard-Prediction-Challenge/train/Cuban_knight_anole/Cuban_knight_anole_Cuban_knight_anole_36.jpg,0.9285714285714285,False,0.75,False,0.8990529395183169,False,0.8021083057702105,False,1,False,0.9384930130526878,False,0.5266033673983261,False,1.0,False,1.0,False
c:/school programs/AI/ML_ENV/AI-Lizard-Prediction-Challenge/train/Cuban_knight_anole/Cuban_knight_anole_Cuban_knight_anole_37.jpg,0.9285714285714285,False,0.75,False,0.6573831582828743,False,0.9921568627450981,False,1,False,0.9029757375600234,False,0.8131406527963045,False,1.0,False,1.0,False
c:/school programs/AI/ML_ENV/AI-Lizard-Prediction-Challenge/train/Cuban_knight_anole/Cuban_knight_anole_Cuban_knight_anole_38.jpg,0.9285714285714285,False,0.75,False,0.8767862606477879,False,0.9860621470551031,False,1,False,0.9041836802570671,False,0.5493759641196791,False,1.0,False,1.0,False
c:/school programs/AI/ML_ENV/AI-Lizard-Prediction-Challenge/train/Cuban_knight_anole/Cuban_knight_anole_Cuban_knight_anole_41.jpg,0.9285714285714285,False,0.75,False,0.9142310663021874,False,0.8779214363548898,False,1,False,0.9006640977597942,False,0.4694761219724869,False,1.0,False,1.0,False
c:/school programs/AI/ML_ENV/AI-Lizard-Prediction-Challenge/train/Cuban_knight_anole/Cuban_knight_anole_Cuban_knight_anole_42.jpg,0.9285714285714285,False,0.75,False,0.8787845702680608,False,0.7254901960784313,False,1,False,0.9019057101685309,False,0.4403404486308805,False,1.0,False,1.0,False
c:/school programs/AI/ML_ENV/AI-Lizard-Prediction-Challenge/train/Cuban_knight_anole/Cuban_knight_anole_Cuban_knight_anole_43.jpg,0.9285714285714285,False,0.75,False,0.9085206329557309,False,0.7767922851519135,False,1,False,0.9670366312673967,False,0.5253627338764854,False,1.0,False,1.0,False
c:/school programs/AI/ML_ENV/AI-Lizard-Prediction-Challenge/train/Cuban_knight_anole/Cuban_knight_anole_Cuban_knight_anole_47.jpg,0.9285714285714285,False,0.75,False,0.9254390650282162,False,0.8295747454244091,False,1,False,0.967063721502155,False,0.5018995438899919,False,1.0,False,1.0,False
c:/school programs/AI/ML_ENV/AI-Lizard-Prediction-Challenge/train/Cuban_knight_anole/Cuban_knight_anole_Cuban_knight_anole_48.jpg,0.9285714285714285,False,0.75,False,0.8500892120224978,False,0.9712926176326768,False,1,False,0.9007124424318098,False,0.41843156891030464,False,1.0,False,1.0,False
c:/school programs/AI/ML_ENV/AI-Lizard-Prediction-Challenge/train/Cuban_knight_anole/Cuban_knight_anole_Cuban_knight_anole_49.jpg,0.9285714285714285,False,0.75,False,0.8141963746975964,False,0.9921568627450981,False,1,False,0.8276551369739231,False,0.5990752833346921,False,1.0,False,1.0,False
c:/school programs/AI/ML_ENV/AI-Lizard-Prediction-Challenge/train/Cuban_knight_anole/Cuban_knight_anole_Cuban_knight_anole_51.jpg,0.7667699496544722,False,0.9912109375,False,0.9245301321901755,False,0.8475729102636097,False,1,False,0.9921568627450981,False,0.5598557688217953,False,1.0,False,1.0,False
c:/school programs/AI/ML_ENV/AI-Lizard-Prediction-Challenge/train/Cuban_knight_anole/Cuban_knight_anole_Cuban_knight_anole_52.jpg,0.9285714285714285,False,0.75,False,0.892598915908852,False,0.8277653487636556,False,1,False,0.9852439632147635,False,0.5482882329559904,False,1.0,False,1.0,False
c:/school programs/AI/ML_ENV/AI-Lizard-Prediction-Challenge/train/Cuban_knight_anole/Cuban_knight_anole_Cuban_knight_anole_53.jpg,0.9285714285714285,False,0.75,False,0.9205562227942807,False,0.804462235614094,False,1,False,0.9563526017939413,False,0.5184035547490753,False,1.0,False,1.0,False
c:/school programs/AI/ML_ENV/AI-Lizard-Prediction-Challenge/train/Cuban_knight_anole/Cuban_knight_anole_Cuban_knight_anole_54.jpg,0.9143745072428984,False,0.903448275862069,False,0.9240282813632581,False,0.9000376849169893,False,1,False,0.8967141607244915,False,0.5364655973861276,False,1.0,False,1.0,False
c:/school programs/AI/ML_ENV/AI-Lizard-Prediction-Challenge/train/Cuban_knight_anole/Cuban_knight_anole_Cuban_knight_anole_55.jpg,0.9306857071480693,False,0.7470703125,False,0.8772665297107567,False,0.716044282196673,False,1,False,0.8750124555602742,False,0.41685661767239723,False,1.0,False,1.0,False
c:/school programs/AI/ML_ENV/AI-Lizard-Prediction-Challenge/train/Cuban_knight_anole/Cuban_knight_anole_Cuban_knight_anole_56.jpg,0.9285714285714285,False,0.75,False,0.9369300708446796,False,0.9662772458930208,False,1,False,0.9575766141327133,False,0.5584590873897171,False,1.0,False,1.0,False
c:/school programs/AI/ML_ENV/AI-Lizard-Prediction-Challenge/train/Cuban_knight_anole/Cuban_knight_anole_Cuban_knight_anole_57.jpg,0.9954114764638391,False,0.66015625,False,0.8847744446394474,False,0.884311465625263,False,1,False,1.0,False,0.45909064779397457,False,1.0,False,1.0,False
c:/school programs/AI/ML_ENV/AI-Lizard-Prediction-Challenge/train/Cuban_knight_anole/Cuban_knight_anole_Cuban_knight_anole_58.jpg,0.9285714285714285,False,0.75,False,0.8618330612729341,False,0.9643961304799864,False,1,False,0.9889981493839174,False,0.45374350652239615,False,1.0,False,1.0,False
c:/school programs/AI/ML_ENV/AI-Lizard-Prediction-Challenge/train/Cuban_knight_anole/Cuban_knight_anole_Cuban_knight_anole_59.jpg,0.9265414150995837,False,0.5625,False,0.919186526158386,False,0.8202543126783659,False,1,False,0.9348992712818269,False,0.5775984160658528,False,1.0,False,1.0,False
c:/school programs/AI/ML_ENV/AI-Lizard-Prediction-Challenge/train/Cuban_knight_anole/Cuban_knight_anole_Cuban_knight_anole_64.jpg,0.7706305759555642,False,0.8351177730192719,False,0.8914859019652059,False,0.715100292844561,False,1,False,0.8891104908682435,False,0.48121216486764773,False,1.0,False,1.0,False
c:/school programs/AI/ML_ENV/AI-Lizard-Prediction-Challenge/train/Cuban_knight_anole/Cuban_knight_anole_Cuban_knight_anole_66.jpg,0.9285714285714285,False,0.75,False,0.9222107015647767,False,0.7621666135293597,False,1,False,0.9550536417760744,False,0.4808660422611142,False,1.0,False,1.0,False
c:/school programs/AI/ML_ENV/AI-Lizard-Prediction-Challenge/train/Cuban_knight_anole/Cuban_knight_anole_Cuban_knight_anole_67.jpg,0.9285714285714285,False,0.75,False,0.93152561374581,False,0.8889272192219994,False,1,False,0.9605716611404285,False,0.5959288525747279,False,1.0,False,1.0,False
c:/school programs/AI/ML_ENV/AI-Lizard-Prediction-Challenge/train/Cuban_knight_anole/Cuban_knight_anole_Cuban_knight_anole_68.jpg,0.9285714285714285,False,0.75,False,0.9208385752716861,False,0.9192389144378528,False,1,False,0.9906910042479096,False,0.523447155141793,False,1.0,False,1.0,False
c:/school programs/AI/ML_ENV/AI-Lizard-Prediction-Challenge/train/Cuban_knight_anole/Cuban_knight_anole_Cuban_knight_anole_70.jpg,0.9285714285714285,False,0.75,False,0.8559896312701087,False,0.8153721491999598,False,1,False,1.0,False,0.49476992065668657,False,1.0,False,1.0,False
c:/school programs/AI/ML_ENV/AI-Lizard-Prediction-Challenge/train/Cuban_knight_anole/Cuban_knight_anole_Cuban_knight_anole_71.jpg,0.9905452019764944,False,0.66650390625,False,0.8540458783727529,False,0.8900080741140866,False,1,False,0.9822265583451166,False,0.5785066402321944,False,1.0,False,1.0,False
c:/school programs/AI/ML_ENV/AI-Lizard-Prediction-Challenge/train/Cuban_knight_anole/Cuban_knight_anole_Cuban_knight_anole_72.jpg,0.9905452019764944,False,0.66650390625,False,0.8341148115637698,False,0.7236243522768988,False,1,False,0.7421421657829362,False,0.34399259206005306,False,1.0,False,1.0,False
c:/school programs/AI/ML_ENV/AI-Lizard-Prediction-Challenge/train/Cuban_knight_anole/Cuban_knight_anole_Cuban_knight_anole_73.jpg,0.9285714285714285,False,0.75,False,0.8619659178016781,False,0.9505028748519283,False,1,False,0.9994686169859808,False,0.5420716746581065,False,1.0,False,1.0,False
c:/school programs/AI/ML_ENV/AI-Lizard-Prediction-Challenge/train/Cuban_knight_anole/Cuban_knight_anole_Cuban_knight_anole_74.jpg,0.9285714285714285,False,0.75,False,0.8691531303114992,False,0.7389115145552492,False,1,False,0.879653316772337,False,0.48846763272850746,False,1.0,False,1.0,False
c:/school programs/AI/ML_ENV/AI-Lizard-Prediction-Challenge/train/Cuban_knight_anole/Cuban_knight_anole_Cuban_knight_anole_75.jpg,0.9285714285714285,False,0.75,False,0.8889584788912365,False,0.8028286147254424,False,1,False,0.9552325151585596,False,0.4836142380161399,False,1.0,False,1.0,False
c:/school programs/AI/ML_ENV/AI-Lizard-Prediction-Challenge/train/Cuban_knight_anole/Cuban_knight_anole_Cuban_knight_anole_77.jpg,0.7787704541439286,False,0.97216796875,False,0.9409240988074699,False,0.9007178398303562,False,1,False,0.9920455878078989,False,0.567609755990873,False,1.0,False,1.0,False
c:/school programs/AI/ML_ENV/AI-Lizard-Prediction-Challenge/train/Cuban_knight_anole/Cuban_knight_anole_Cuban_knight_anole_79.jpg,0.9905452019764944,False,0.66650390625,False,0.8902977164721698,False,0.8528440059593771,False,1,False,0.9140453281846381,False,0.5463926736269002,False,1.0,False,1.0,False
c:/school programs/AI/ML_ENV/AI-Lizard-Prediction-Challenge/train/Cuban_knight_anole/Cuban_knight_anole_Cuban_knight_anole_81.jpg,0.9285714285714285,False,0.75,False,0.8579372410460971,False,0.8614581899169078,False,1,False,0.869521842907996,False,0.4789393608020769,False,1.0,False,1.0,False
c:/school programs/AI/ML_ENV/AI-Lizard-Prediction-Challenge/train/Cuban_knight_anole/Cuban_knight_anole_Cuban_knight_anole_82.jpg,0.9299804877464698,False,0.748046875,False,0.9029386514811519,False,0.7975069264668246,False,1,False,0.9818090780513005,False,0.5154263825768983,False,1.0,False,1.0,False
c:/school programs/AI/ML_ENV/AI-Lizard-Prediction-Challenge/train/Cuban_knight_anole/Cuban_knight_anole_Cuban_knight_anole_83.jpg,0.9285714285714285,False,0.75,False,0.9033566212628292,False,0.8285002042835157,False,1,False,0.8728807917384416,False,0.46033946191777964,False,1.0,False,1.0,False
c:/school programs/AI/ML_ENV/AI-Lizard-Prediction-Challenge/train/Cuban_knight_anole/Cuban_knight_anole_Cuban_knight_anole_84.jpg,0.9285714285714285,False,0.75,False,0.8597211063821135,False,0.6947162468544379,False,1,False,0.985285263836915,False,0.7325261019800202,False,1.0,False,1.0,False
c:/school programs/AI/ML_ENV/AI-Lizard-Prediction-Challenge/train/Cuban_knight_anole/Cuban_knight_anole_Cuban_knight_anole_85.jpg,0.9265414150995837,False,0.5625,False,0.9297047316914808,False,0.8800468344651574,False,1,False,0.997848758744891,False,0.5453860418503299,False,1.0,False,1.0,False
c:/school programs/AI/ML_ENV/AI-Lizard-Prediction-Challenge/train/Cuban_knight_anole/Cuban_knight_anole_Cuban_knight_anole_86.jpg,0.9905452019764944,False,0.66650390625,False,0.8991893639169138,False,0.9264176399789541,False,1,False,0.9640849508147834,False,0.48366840662678645,False,1.0,False,1.0,False
c:/school programs/AI/ML_ENV/AI-Lizard-Prediction-Challenge/train/Cuban_knight_anole/Cuban_knight_anole_Cuban_knight_anole_87.jpg,0.9429735754830136,False,1.0,False,0.8717289193581472,False,0.9585397268657572,False,1,False,0.958950013711151,False,0.7681358814016568,False,1.0,False,1.0,False
c:/school programs/AI/ML_ENV/AI-Lizard-Prediction-Challenge/train/Cuban_knight_anole/Cuban_knight_anole_Cuban_knight_anole_89.jpg,0.8980237600295922,False,0.79296875,False,0.9343893125744818,False,0.8644444129307176,False,1,False,0.9299471941617211,False,0.5008671353052612,False,1.0,False,1.0,False
c:/school programs/AI/ML_ENV/AI-Lizard-Prediction-Challenge/train/Cuban_knight_anole/Cuban_knight_anole_Cuban_knight_anole_90.jpg,0.9285714285714285,False,0.75,False,0.92143247972855,False,0.9356070550070921,False,1,False,0.9614982541500343,False,0.5646728725018085,False,1.0,False,1.0,False
c:/school programs/AI/ML_ENV/AI-Lizard-Prediction-Challenge/train/Cuban_knight_anole/Cuban_knight_anole_Cuban_knight_anole_91.jpg,0.9285714285714285,False,0.75,False,0.929375926727751,False,0.8192676694191499,False,1,False,0.9867058581947938,False,0.5298367516097215,False,1.0,False,1.0,False
c:/school programs/AI/ML_ENV/AI-Lizard-Prediction-Challenge/train/Cuban_knight_anole/Cuban_knight_anole_Cuban_knight_anole_92.jpg,0.9285714285714285,False,0.75,False,0.8369595407264822,False,0.8112378288766189,False,1,False,0.9355044117594403,False,0.6420031857091493,False,1.0,False,1.0,False
c:/school programs/AI/ML_ENV/AI-Lizard-Prediction-Challenge/train/Cuban_knight_anole/Cuban_knight_anole_Cuban_knight_anole_93.jpg,0.9285714285714285,False,0.75,False,0.9108037767810041,False,0.7425314134718035,False,1,False,0.9243202974634714,False,0.49225227161037877,False,1.0,False,1.0,False
c:/school programs/AI/ML_ENV/AI-Lizard-Prediction-Challenge/train/Cuban_knight_anole/Cuban_knight_anole_Cuban_knight_anole_94.jpg,0.9285714285714285,False,0.75,False,0.8932054784546045,False,0.7820670028804996,False,1,False,0.7787632719615426,False,0.47934917876421046,False,1.0,False,1.0,False
c:/school programs/AI/ML_ENV/AI-Lizard-Prediction-Challenge/train/Cuban_knight_anole/Cuban_knight_anole_Cuban_knight_anole_95.jpg,0.9285714285714285,False,0.75,False,0.938955171381301,False,0.8314897352012034,False,1,False,0.989394122929924,False,0.5721904876726902,False,1.0,False,1.0,False
c:/school programs/AI/ML_ENV/AI-Lizard-Prediction-Challenge/train/Cuban_knight_anole/Cuban_knight_anole_Cuban_knight_anole_96.jpg,0.9285714285714285,False,0.75,False,0.9016820775340859,False,0.8026050471841923,False,1,False,0.9950424054765983,False,0.47107592103123486,False,1.0,False,1.0,False
c:/school programs/AI/ML_ENV/AI-Lizard-Prediction-Challenge/train/Cuban_knight_anole/Cuban_knight_anole_Cuban_knight_anole_97.jpg,0.9265414150995837,False,0.5625,False,0.8955900354724631,False,0.7876604751400192,False,1,False,0.8565857293943258,False,0.4664256857054966,False,1.0,False,1.0,False
c:/school programs/AI/ML_ENV/AI-Lizard-Prediction-Challenge/train/Cuban_knight_anole/Cuban_knight_anole_Cuban_knight_anole_99.jpg,0.4059933796290286,True,0.7477820025348543,False,0.9232821370542347,False,0.8775272080211833,False,1,False,0.9458447948840376,False,0.5005088204536083,False,1.0,False,1.0,False
c:/school programs/AI/ML_ENV/AI-Lizard-Prediction-Challenge/train/Desert_iguana/Desert_iguana_Desert_iguana_10.jpg,0.998417742063388,False,0.65625,False,0.906951670312563,False,0.7130899346120547,False,1,False,0.973463327338633,False,0.5144589484088772,False,1.0,False,1.0,False
c:/school programs/AI/ML_ENV/AI-Lizard-Prediction-Challenge/train/Desert_iguana/Desert_iguana_Desert_iguana_100.jpg,0.37844607621699355,True,0.7534059945504087,False,0.8367465250026611,False,0.6945314010000216,False,1,False,0.7149089520271664,False,0.5877889904467763,False,1.0,False,1.0,False
c:/school programs/AI/ML_ENV/AI-Lizard-Prediction-Challenge/train/Desert_iguana/Desert_iguana_Desert_iguana_101.jpg,0.9905452019764944,False,0.66650390625,False,0.8754788222386236,False,0.8357229204606553,False,1,False,0.7062916133844821,False,0.4609394312111976,False,1.0,False,1.0,False
c:/school programs/AI/ML_ENV/AI-Lizard-Prediction-Challenge/train/Desert_iguana/Desert_iguana_Desert_iguana_103.jpg,0.7988016156389194,False,0.9855072463768116,False,0.900436955964702,False,0.8537916356252189,False,1,False,0.7691612792082652,False,0.6983918407856263,False,1.0,False,1.0,False
c:/school programs/AI/ML_ENV/AI-Lizard-Prediction-Challenge/train/Desert_iguana/Desert_iguana_Desert_iguana_104.jpg,0.7914039510704725,False,0.9722430607651913,False,0.836592046924128,False,0.8018951380400271,False,1,False,0.7163825246114169,False,0.6861656663033184,False,1.0,False,1.0,False
c:/school programs/AI/ML_ENV/AI-Lizard-Prediction-Challenge/train/Desert_iguana/Desert_iguana_Desert_iguana_105.jpg,0.9285714285714285,False,0.75,False,0.8368969989453158,False,0.7132806840011316,False,1,False,1.0,False,0.7171388859787107,False,1.0,False,1.0,False
c:/school programs/AI/ML_ENV/AI-Lizard-Prediction-Challenge/train/Desert_iguana/Desert_iguana_Desert_iguana_106.jpg,0.9285714285714285,False,0.75,False,0.9236825219591336,False,0.8163010670626468,False,1,False,0.9679109519572952,False,0.5162603082816464,False,1.0,False,1.0,False
c:/school programs/AI/ML_ENV/AI-Lizard-Prediction-Challenge/train/Desert_iguana/Desert_iguana_Desert_iguana_107.jpg,0.9285714285714285,False,0.75,False,0.9258677066667066,False,0.8507075768675202,False,1,False,0.9944710823166322,False,0.5931444302691857,False,1.0,False,1.0,False
c:/school programs/AI/ML_ENV/AI-Lizard-Prediction-Challenge/train/Desert_iguana/Desert_iguana_Desert_iguana_108.jpg,0.9285714285714285,False,0.75,False,0.8748921136569017,False,0.7250760267267444,False,1,False,0.9095807704698128,False,0.46049362112715053,False,1.0,False,1.0,False
c:/school programs/AI/ML_ENV/AI-Lizard-Prediction-Challenge/train/Desert_iguana/Desert_iguana_Desert_iguana_109.jpg,0.9220592408797599,False,0.55712890625,False,0.9085467180666277,False,0.9447914721663455,False,1,False,0.8259995540920383,False,0.5850331334433188,False,1.0,False,1.0,False
c:/school programs/AI/ML_ENV/AI-Lizard-Prediction-Challenge/train/Desert_iguana/Desert_iguana_Desert_iguana_11.jpg,0.9285714285714285,False,0.75,False,0.9481816214287111,False,0.9568627450980393,False,1,False,0.9946669094068493,False,0.5370988688125851,False,1.0,False,1.0,False
c:/school programs/AI/ML_ENV/AI-Lizard-Prediction-Challenge/train/Desert_iguana/Desert_iguana_Desert_iguana_110.jpg,0.6819834205580568,False,0.7563218390804598,False,0.933967929146867,False,0.8375942588462224,False,1,False,0.9398408496976904,False,0.6195705665109124,False,1.0,False,1.0,False
c:/school programs/AI/ML_ENV/AI-Lizard-Prediction-Challenge/train/Desert_iguana/Desert_iguana_Desert_iguana_112.jpg,0.5307023426446142,False,0.75,False,0.9530532389699288,False,0.9477048861634252,False,1,False,0.9805376911588664,False,0.5930379274156992,False,1.0,False,1.0,False
c:/school programs/AI/ML_ENV/AI-Lizard-Prediction-Challenge/train/Desert_iguana/Desert_iguana_Desert_iguana_114.jpg,0.9285714285714285,False,0.75,False,0.937678596772403,False,0.8575059307034212,False,1,False,0.9687684504822347,False,0.4853028864211093,False,1.0,False,1.0,False
c:/school programs/AI/ML_ENV/AI-Lizard-Prediction-Challenge/train/Desert_iguana/Desert_iguana_Desert_iguana_116.jpg,0.3771149266305941,True,0.9689922480620154,False,0.9343661303740955,False,0.8380014477432564,False,1,False,0.9793367495659321,False,0.5578198998373586,False,1.0,False,1.0,False
c:/school programs/AI/ML_ENV/AI-Lizard-Prediction-Challenge/train/Desert_iguana/Desert_iguana_Desert_iguana_118.jpg,0.9905452019764944,False,0.66650390625,False,0.8898493172169666,False,0.9044237212103243,False,1,False,0.782362907204694,False,0.49090463461503264,False,1.0,False,1.0,False
c:/school programs/AI/ML_ENV/AI-Lizard-Prediction-Challenge/train/Desert_iguana/Desert_iguana_Desert_iguana_119.jpg,0.8312524798538582,False,0.7501569365976145,False,0.9196420929857084,False,0.8886051527431076,False,1,False,0.9857661965359673,False,0.557760711603462,False,1.0,False,1.0,False
c:/school programs/AI/ML_ENV/AI-Lizard-Prediction-Challenge/train/Desert_iguana/Desert_iguana_Desert_iguana_12.jpg,0.7866655322862536,False,0.666875,False,0.7533453920966009,False,0.41995166516744287,False,1,False,0.8530591759711477,False,0.6507145544939862,False,1.0,False,1.0,False
c:/school programs/AI/ML_ENV/AI-Lizard-Prediction-Challenge/train/Desert_iguana/Desert_iguana_Desert_iguana_120.jpg,0.926461275428192,False,0.7529296875,False,0.9397916913143298,False,0.9537959992145559,False,1,False,0.9870622356154071,False,0.5851585799767318,False,1.0,False,1.0,False
c:/school programs/AI/ML_ENV/AI-Lizard-Prediction-Challenge/train/Desert_iguana/Desert_iguana_Desert_iguana_121.jpg,0.9285714285714285,False,0.75,False,0.9141274802493788,False,0.8130478785025144,False,1,False,0.9078294328360444,False,0.6865738554996775,False,1.0,False,1.0,False
c:/school programs/AI/ML_ENV/AI-Lizard-Prediction-Challenge/train/Desert_iguana/Desert_iguana_Desert_iguana_122.jpg,0.8030946848831764,False,0.6668707899571341,False,0.8611351219141254,False,0.6628936943868871,False,1,False,0.9093864473942214,False,0.5016545149680335,False,1.0,False,1.0,False
c:/school programs/AI/ML_ENV/AI-Lizard-Prediction-Challenge/train/Desert_iguana/Desert_iguana_Desert_iguana_124.jpg,0.9285714285714285,False,0.75,False,0.9263300841758723,False,0.9350410178809793,False,1,False,0.9650842235946537,False,0.5962192664712829,False,1.0,False,1.0,False
c:/school programs/AI/ML_ENV/AI-Lizard-Prediction-Challenge/train/Desert_iguana/Desert_iguana_Desert_iguana_127.jpg,0.9285714285714285,False,0.75,False,0.919804471265781,False,0.8358961516330974,False,1,False,0.9914941986047999,False,0.5883153627236103,False,1.0,False,1.0,False
c:/school programs/AI/ML_ENV/AI-Lizard-Prediction-Challenge/train/Desert_iguana/Desert_iguana_Desert_iguana_129.jpg,0.9285714285714285,False,0.75,False,0.9223476775792743,False,0.8233500258152596,False,1,False,0.9328020897071851,False,0.5591400545844015,False,1.0,False,1.0,False
c:/school programs/AI/ML_ENV/AI-Lizard-Prediction-Challenge/train/Desert_iguana/Desert_iguana_Desert_iguana_13.jpg,0.7866655322862536,False,0.666875,False,0.8456528229509804,False,0.811772263223603,False,1,False,0.776870326892361,False,0.47263879849752843,False,1.0,False,1.0,False
c:/school programs/AI/ML_ENV/AI-Lizard-Prediction-Challenge/train/Desert_iguana/Desert_iguana_Desert_iguana_130.jpg,0.9265414150995837,False,0.5625,False,0.9014588685321373,False,0.7345650418051329,False,1,False,0.8861644647974452,False,0.4848413681184567,False,1.0,False,1.0,False
c:/school programs/AI/ML_ENV/AI-Lizard-Prediction-Challenge/train/Desert_iguana/Desert_iguana_Desert_iguana_133.jpg,0.9285714285714285,False,0.75,False,0.9405982389469245,False,0.9024280941222885,False,1,False,0.9860415738650347,False,0.5236957229428068,False,1.0,False,1.0,False
c:/school programs/AI/ML_ENV/AI-Lizard-Prediction-Challenge/train/Desert_iguana/Desert_iguana_Desert_iguana_134.jpg,0.9285714285714285,False,0.75,False,0.897052385292885,False,0.8218021178656135,False,1,False,0.8131074843803768,False,0.5076374968607016,False,1.0,False,1.0,False
c:/school programs/AI/ML_ENV/AI-Lizard-Prediction-Challenge/train/Desert_iguana/Desert_iguana_Desert_iguana_135.jpg,0.9285714285714285,False,0.75,False,0.9279433819025802,False,0.8591909465180465,False,1,False,0.968981192849143,False,0.5275422054398882,False,1.0,False,1.0,False
c:/school programs/AI/ML_ENV/AI-Lizard-Prediction-Challenge/train/Desert_iguana/Desert_iguana_Desert_iguana_137.jpg,0.9285714285714285,False,0.75,False,0.8421056069005624,False,0.6015641500946337,False,1,False,0.9038466272212716,False,0.6419104983093039,False,1.0,False,1.0,False
c:/school programs/AI/ML_ENV/AI-Lizard-Prediction-Challenge/train/Desert_iguana/Desert_iguana_Desert_iguana_138.jpg,0.9265414150995837,False,0.5625,False,0.9299320636171187,False,0.9555077343009399,False,1,False,0.9775823578788573,False,0.5538847815149773,False,1.0,False,1.0,False
c:/school programs/AI/ML_ENV/AI-Lizard-Prediction-Challenge/train/Desert_iguana/Desert_iguana_Desert_iguana_139.jpg,0.9285714285714285,False,0.75,False,0.9451302689315274,False,0.9001716968030362,False,1,False,0.9955470560410508,False,0.5880631919256112,False,1.0,False,1.0,False
c:/school programs/AI/ML_ENV/AI-Lizard-Prediction-Challenge/train/Desert_iguana/Desert_iguana_Desert_iguana_141.jpg,0.8829135093587911,False,0.6382978723404256,False,0.7610671219277185,False,0.5312741263417623,False,1,False,0.7712333875687245,False,0.6721699127792855,False,1.0,False,1.0,False
c:/school programs/AI/ML_ENV/AI-Lizard-Prediction-Challenge/train/Desert_iguana/Desert_iguana_Desert_iguana_143.jpg,0.9285714285714285,False,0.75,False,0.9113766167309475,False,0.8912686134663421,False,1,False,0.9341669699363747,False,0.5005603189583037,False,1.0,False,1.0,False
c:/school programs/AI/ML_ENV/AI-Lizard-Prediction-Challenge/train/Desert_iguana/Desert_iguana_Desert_iguana_144.jpg,0.9285714285714285,False,0.75,False,0.8942991069132948,False,0.7331327455683457,False,1,False,0.9290475997074138,False,0.4258248340572942,False,1.0,False,1.0,False
c:/school programs/AI/ML_ENV/AI-Lizard-Prediction-Challenge/train/Desert_iguana/Desert_iguana_Desert_iguana_146.jpg,0.7219090722774993,False,0.9177972865123704,False,0.9169752569477178,False,0.9024204501416537,False,1,False,0.9898945609659977,False,0.5016895536079045,False,1.0,False,1.0,False
c:/school programs/AI/ML_ENV/AI-Lizard-Prediction-Challenge/train/Desert_iguana/Desert_iguana_Desert_iguana_147.jpg,0.9265414150995837,False,0.5625,False,0.8777702760129533,False,0.8788112830606004,False,1,False,0.7438982703825844,False,0.3949061964188756,False,1.0,False,1.0,False
c:/school programs/AI/ML_ENV/AI-Lizard-Prediction-Challenge/train/Desert_iguana/Desert_iguana_Desert_iguana_148.jpg,0.9285714285714285,False,0.75,False,0.9481910927374543,False,0.8992589548896051,False,1,False,0.9886808519383894,False,0.5902006838921838,False,1.0,False,1.0,False
c:/school programs/AI/ML_ENV/AI-Lizard-Prediction-Challenge/train/Desert_iguana/Desert_iguana_Desert_iguana_149.jpg,0.9905452019764944,False,0.66650390625,False,0.9157212755680887,False,0.8475953099721545,False,1,False,0.9484437403677826,False,0.5590816422411592,False,1.0,False,1.0,False
c:/school programs/AI/ML_ENV/AI-Lizard-Prediction-Challenge/train/Desert_iguana/Desert_iguana_Desert_iguana_15.jpg,0.9285714285714285,False,0.75,False,0.872443293996909,False,0.8044449337673453,False,1,False,0.7700265677446978,False,0.4636697489979468,False,1.0,False,1.0,False
c:/school programs/AI/ML_ENV/AI-Lizard-Prediction-Challenge/train/Desert_iguana/Desert_iguana_Desert_iguana_150.jpg,0.9285714285714285,False,0.75,False,0.8847046279253341,False,0.7440305910242183,False,1,False,0.8354622955062727,False,0.4315888444839939,False,1.0,False,1.0,False
c:/school programs/AI/ML_ENV/AI-Lizard-Prediction-Challenge/train/Desert_iguana/Desert_iguana_Desert_iguana_151.jpg,0.9285714285714285,False,0.75,False,0.9108968063126204,False,0.7159343773731259,False,1,False,0.9717153368585871,False,0.5015165702767421,False,1.0,False,1.0,False
c:/school programs/AI/ML_ENV/AI-Lizard-Prediction-Challenge/train/Desert_iguana/Desert_iguana_Desert_iguana_153.jpg,0.9905452019764944,False,0.66650390625,False,0.913769752129403,False,0.9079782383693392,False,1,False,0.8278854634780201,False,0.4948407549309064,False,1.0,False,1.0,False
c:/school programs/AI/ML_ENV/AI-Lizard-Prediction-Challenge/train/Desert_iguana/Desert_iguana_Desert_iguana_154.jpg,0.4192282813077881,True,0.632768361581921,False,0.9092035983765447,False,0.9486018623824026,False,1,False,0.9977339261108504,False,0.6284068825641642,False,1.0,False,1.0,False
c:/school programs/AI/ML_ENV/AI-Lizard-Prediction-Challenge/train/Desert_iguana/Desert_iguana_Desert_iguana_155.jpg,0.9285714285714285,False,0.75,False,0.8761525196152926,False,0.8311502149723515,False,1,False,0.8771561033709403,False,0.4916997403109641,False,1.0,False,1.0,False
c:/school programs/AI/ML_ENV/AI-Lizard-Prediction-Challenge/train/Desert_iguana/Desert_iguana_Desert_iguana_156.jpg,0.831538392443781,False,0.890625,False,0.7830385252294428,False,0.728915374321738,False,1,False,0.9808314937182577,False,0.6611145055311182,False,1.0,False,1.0,False
c:/school programs/AI/ML_ENV/AI-Lizard-Prediction-Challenge/train/Desert_iguana/Desert_iguana_Desert_iguana_158.jpg,0.5208392844901477,False,0.6064400715563506,False,0.9479547642883315,False,0.901733831316532,False,1,False,0.988235294117647,False,0.5815395246720529,False,1.0,False,1.0,False
c:/school programs/AI/ML_ENV/AI-Lizard-Prediction-Challenge/train/Desert_iguana/Desert_iguana_Desert_iguana_159.jpg,0.9905452019764944,False,0.66650390625,False,0.8828789197095438,False,0.7378210078708074,False,1,False,0.891316596330547,False,0.5015231574909915,False,1.0,False,1.0,False
c:/school programs/AI/ML_ENV/AI-Lizard-Prediction-Challenge/train/Desert_iguana/Desert_iguana_Desert_iguana_160.jpg,0.9905452019764944,False,0.66650390625,False,0.8476743427059917,False,0.7365426102152032,False,1,False,0.7573563665129723,False,0.40985286330983095,False,1.0,False,1.0,False
c:/school programs/AI/ML_ENV/AI-Lizard-Prediction-Challenge/train/Desert_iguana/Desert_iguana_Desert_iguana_161.jpg,0.9905452019764944,False,0.66650390625,False,0.9174904948546097,False,0.8286729095155364,False,1,False,0.8717756343418096,False,0.555203278875277,False,1.0,False,1.0,False
c:/school programs/AI/ML_ENV/AI-Lizard-Prediction-Challenge/train/Desert_iguana/Desert_iguana_Desert_iguana_162.jpg,0.9905452019764944,False,0.66650390625,False,0.9074692811686114,False,0.8096723721558016,False,1,False,0.868783432195217,False,0.6080896863615726,False,1.0,False,1.0,False
c:/school programs/AI/ML_ENV/AI-Lizard-Prediction-Challenge/train/Desert_iguana/Desert_iguana_Desert_iguana_163.jpg,0.9905452019764944,False,0.66650390625,False,0.8191718481945094,False,0.7692740174004657,False,1,False,0.8961005188851161,False,0.7166257907688698,False,1.0,False,1.0,False
c:/school programs/AI/ML_ENV/AI-Lizard-Prediction-Challenge/train/Desert_iguana/Desert_iguana_Desert_iguana_164.jpg,0.9905452019764944,False,0.66650390625,False,0.8023252042336481,False,0.6416270792904044,False,1,False,0.9103670333072065,False,0.7574239499881761,False,1.0,False,1.0,False
c:/school programs/AI/ML_ENV/AI-Lizard-Prediction-Challenge/train/Desert_iguana/Desert_iguana_Desert_iguana_165.jpg,0.9905452019764944,False,0.66650390625,False,0.9020701187047204,False,0.7784727090441991,False,1,False,0.8555346462590716,False,0.5353444373180971,False,1.0,False,1.0,False
c:/school programs/AI/ML_ENV/AI-Lizard-Prediction-Challenge/train/Desert_iguana/Desert_iguana_Desert_iguana_166.jpg,0.9905452019764944,False,0.66650390625,False,0.8935540864900384,False,0.7283952313990099,False,1,False,0.8943833110655905,False,0.5607463093863119,False,1.0,False,1.0,False
c:/school programs/AI/ML_ENV/AI-Lizard-Prediction-Challenge/train/Desert_iguana/Desert_iguana_Desert_iguana_167.jpg,0.9285714285714285,False,0.75,False,0.9163893168695506,False,0.7593883546873639,False,1,False,0.9285984899522972,False,0.5509643663342794,False,1.0,False,1.0,False
c:/school programs/AI/ML_ENV/AI-Lizard-Prediction-Challenge/train/Desert_iguana/Desert_iguana_Desert_iguana_169.jpg,0.9285714285714285,False,0.75,False,0.9266303764975735,False,0.847459297570348,False,1,False,0.9366604070768195,False,0.487340048369146,False,1.0,False,1.0,False
c:/school programs/AI/ML_ENV/AI-Lizard-Prediction-Challenge/train/Desert_iguana/Desert_iguana_Desert_iguana_17.jpg,0.9378549523512889,False,0.576171875,False,0.7578686668899715,False,0.592604393353017,False,1,False,0.6792189353723854,False,0.5425725255397403,False,1.0,False,1.0,False
c:/school programs/AI/ML_ENV/AI-Lizard-Prediction-Challenge/train/Desert_iguana/Desert_iguana_Desert_iguana_170.jpg,0.9285714285714285,False,0.75,False,0.9350751404848199,False,0.847803320350198,False,1,False,0.984504762338158,False,0.4692619116495441,False,1.0,False,1.0,False
c:/school programs/AI/ML_ENV/AI-Lizard-Prediction-Challenge/train/Desert_iguana/Desert_iguana_Desert_iguana_171.jpg,0.9285714285714285,False,0.75,False,0.9461427345895524,False,0.901733831316532,False,1,False,0.9882181526680186,False,0.5980821208391234,False,1.0,False,1.0,False
c:/school programs/AI/ML_ENV/AI-Lizard-Prediction-Challenge/train/Desert_iguana/Desert_iguana_Desert_iguana_172.jpg,0.9285714285714285,False,0.75,False,0.9446161977416296,False,0.8903847559410472,False,1,False,0.9791659468941378,False,0.5842425017561579,False,1.0,False,1.0,False
c:/school programs/AI/ML_ENV/AI-Lizard-Prediction-Challenge/train/Desert_iguana/Desert_iguana_Desert_iguana_173.jpg,0.9285714285714285,False,0.75,False,0.9193105086716589,False,0.9883120148639813,False,1,False,0.9329429155420661,False,0.4902735454178787,False,1.0,False,1.0,False
c:/school programs/AI/ML_ENV/AI-Lizard-Prediction-Challenge/train/Desert_iguana/Desert_iguana_Desert_iguana_175.jpg,0.9285714285714285,False,0.75,False,0.8959990222060266,False,0.6880235273413988,False,1,False,0.9368873510175768,False,0.4792398167102725,False,1.0,False,1.0,False
c:/school programs/AI/ML_ENV/AI-Lizard-Prediction-Challenge/train/Desert_iguana/Desert_iguana_Desert_iguana_176.jpg,0.9285714285714285,False,0.75,False,0.9270983904258214,False,0.854833667370216,False,1,False,0.9733717898582283,False,0.47547366009682157,False,1.0,False,1.0,False
c:/school programs/AI/ML_ENV/AI-Lizard-Prediction-Challenge/train/Desert_iguana/Desert_iguana_Desert_iguana_177.jpg,0.8273928556640802,False,0.44970703125,False,0.8587805783104163,False,0.9411764705882353,False,1,False,0.9803921568627451,False,0.5363797442920883,False,1.0,False,1.0,False
c:/school programs/AI/ML_ENV/AI-Lizard-Prediction-Challenge/train/Desert_iguana/Desert_iguana_Desert_iguana_178.jpg,0.9905452019764944,False,0.66650390625,False,0.8044794321043707,False,0.5306250280607538,False,1,False,0.8414431041377433,False,0.6537919091368478,False,1.0,False,1.0,False
c:/school programs/AI/ML_ENV/AI-Lizard-Prediction-Challenge/train/Desert_iguana/Desert_iguana_Desert_iguana_18.jpg,0.7880818060704589,False,0.95751953125,False,0.9177128870319248,False,0.8202839610071481,False,1,False,0.8714534739429366,False,0.7090274825718882,False,1.0,False,1.0,False
c:/school programs/AI/ML_ENV/AI-Lizard-Prediction-Challenge/train/Desert_iguana/Desert_iguana_Desert_iguana_180.jpg,0.9285714285714285,False,0.75,False,0.9412612390596191,False,0.9372549019607843,False,1,False,0.9743837611311935,False,0.4614605896855153,False,1.0,False,1.0,False
c:/school programs/AI/ML_ENV/AI-Lizard-Prediction-Challenge/train/Desert_iguana/Desert_iguana_Desert_iguana_181.jpg,0.9905452019764944,False,0.66650390625,False,0.9025034570687839,False,0.7960822021464771,False,1,False,0.8133018599616917,False,0.5343322055215578,False,1.0,False,1.0,False
c:/school programs/AI/ML_ENV/AI-Lizard-Prediction-Challenge/train/Desert_iguana/Desert_iguana_Desert_iguana_182.jpg,0.9285714285714285,False,0.75,False,0.8877297817135426,False,0.7221477162588699,False,1,False,0.9273394369768543,False,0.39566303160746286,False,1.0,False,1.0,False
c:/school programs/AI/ML_ENV/AI-Lizard-Prediction-Challenge/train/Desert_iguana/Desert_iguana_Desert_iguana_183.jpg,0.9285714285714285,False,0.75,False,0.9418178010579829,False,0.8766882091197746,False,1,False,0.9721978176757956,False,0.5639801609411624,False,1.0,False,1.0,False
c:/school programs/AI/ML_ENV/AI-Lizard-Prediction-Challenge/train/Desert_iguana/Desert_iguana_Desert_iguana_185.jpg,0.9905452019764944,False,0.66650390625,False,0.8870255596104187,False,0.9062661419766253,False,1,False,0.7627406320752366,False,0.5066229960508554,False,1.0,False,1.0,False
c:/school programs/AI/ML_ENV/AI-Lizard-Prediction-Challenge/train/Desert_iguana/Desert_iguana_Desert_iguana_186.jpg,0.8328447990637551,False,0.7139364303178484,False,0.9415501401242565,False,0.9558658854263037,False,1,False,0.9366604070768195,False,0.5754929328264173,False,1.0,False,1.0,False
c:/school programs/AI/ML_ENV/AI-Lizard-Prediction-Challenge/train/Desert_iguana/Desert_iguana_Desert_iguana_187.jpg,0.9285714285714285,False,0.75,False,0.9107674356730737,False,0.6848722758836853,False,1,False,0.9707030552009166,False,0.5434811852055885,False,1.0,False,1.0,False
c:/school programs/AI/ML_ENV/AI-Lizard-Prediction-Challenge/train/Desert_iguana/Desert_iguana_Desert_iguana_189.jpg,0.1778442657744368,True,0.904320987654321,False,0.8574687944720621,False,0.5249527593858995,False,1,False,0.9616642903969673,False,0.698234390675268,False,1.0,False,1.0,False
c:/school programs/AI/ML_ENV/AI-Lizard-Prediction-Challenge/train/Desert_iguana/Desert_iguana_Desert_iguana_190.jpg,0.8680060837721508,False,0.5625,False,0.8664850583080077,False,0.7926016968915686,False,1,False,0.9916254951568846,False,0.4857195409205507,False,1.0,False,1.0,False
c:/school programs/AI/ML_ENV/AI-Lizard-Prediction-Challenge/train/Desert_iguana/Desert_iguana_Desert_iguana_192.jpg,0.8982304760123317,False,0.6318036286019211,False,0.9146319174112499,False,0.842824820951649,False,1,False,0.9023223486731516,False,0.6165945884504,False,1.0,False,1.0,False
c:/school programs/AI/ML_ENV/AI-Lizard-Prediction-Challenge/train/Desert_iguana/Desert_iguana_Desert_iguana_193.jpg,0.9265414150995837,False,0.5625,False,0.94102273982981,False,0.9158127715912716,False,1,False,0.9476812390634001,False,0.6074610548735939,False,1.0,False,1.0,False
c:/school programs/AI/ML_ENV/AI-Lizard-Prediction-Challenge/train/Desert_iguana/Desert_iguana_Desert_iguana_194.jpg,0.9285714285714285,False,0.75,False,0.9401506006019145,False,0.8744746985377468,False,1,False,0.9854730224856005,False,0.5493450541360015,False,1.0,False,1.0,False
c:/school programs/AI/ML_ENV/AI-Lizard-Prediction-Challenge/train/Desert_iguana/Desert_iguana_Desert_iguana_195.jpg,0.9285714285714285,False,0.75,False,0.9219042043046906,False,0.7980126421442074,False,1,False,0.9858081304832468,False,0.5265440701814548,False,1.0,False,1.0,False
c:/school programs/AI/ML_ENV/AI-Lizard-Prediction-Challenge/train/Desert_iguana/Desert_iguana_Desert_iguana_196.jpg,0.7503723730880969,False,0.75,False,0.7705604679979356,False,0.6617154795696624,False,1,False,0.8410957226200626,False,0.6541399580836008,False,1.0,False,1.0,False
c:/school programs/AI/ML_ENV/AI-Lizard-Prediction-Challenge/train/Desert_iguana/Desert_iguana_Desert_iguana_197.jpg,0.9285714285714285,False,0.75,False,0.9502843084280687,False,0.9518708325151625,False,1,False,0.9892462071896267,False,0.6125538754405435,False,1.0,False,1.0,False
c:/school programs/AI/ML_ENV/AI-Lizard-Prediction-Challenge/train/Desert_iguana/Desert_iguana_Desert_iguana_198.jpg,0.8273928556640802,False,0.44970703125,False,0.8326764033279912,False,0.996078431372549,False,1,False,0.9739572900123321,False,0.46980150695295175,False,1.0,False,1.0,False
c:/school programs/AI/ML_ENV/AI-Lizard-Prediction-Challenge/train/Desert_iguana/Desert_iguana_Desert_iguana_199.jpg,0.9285714285714285,False,0.75,False,0.9252106750340595,False,0.8791248113695314,False,1,False,0.9201893641933845,False,0.49827171449408625,False,1.0,False,1.0,False
c:/school programs/AI/ML_ENV/AI-Lizard-Prediction-Challenge/train/Desert_iguana/Desert_iguana_Desert_iguana_2.jpg,0.9285714285714285,False,0.75,False,0.9475790776554206,False,0.8897492983054323,False,1,False,0.9916971111800984,False,0.5076552884173794,False,1.0,False,1.0,False
c:/school programs/AI/ML_ENV/AI-Lizard-Prediction-Challenge/train/Desert_iguana/Desert_iguana_Desert_iguana_20.jpg,0.49990213946494166,True,0.6669921875,False,0.9069019282382904,False,0.8991856304829765,False,1,False,0.9736892666326782,False,0.4828000399443294,False,1.0,False,1.0,False
c:/school programs/AI/ML_ENV/AI-Lizard-Prediction-Challenge/train/Desert_iguana/Desert_iguana_Desert_iguana_200.jpg,0.9285714285714285,False,0.75,False,0.9237653267759841,False,0.8270131668465937,False,1,False,0.9172395022556921,False,0.5014545799231738,False,1.0,False,1.0,False
c:/school programs/AI/ML_ENV/AI-Lizard-Prediction-Challenge/train/Desert_iguana/Desert_iguana_Desert_iguana_203.jpg,0.9265414150995837,False,0.5625,False,0.9184159910164237,False,0.8295983892150868,False,1,False,0.9762082882604691,False,0.5592183583117505,False,1.0,False,1.0,False
c:/school programs/AI/ML_ENV/AI-Lizard-Prediction-Challenge/train/Desert_iguana/Desert_iguana_Desert_iguana_207.jpg,0.9285714285714285,False,0.75,False,0.90806728602334,False,0.9389276904839896,False,1,False,0.8911691321771241,False,0.5089131949165406,False,1.0,False,1.0,False
c:/school programs/AI/ML_ENV/AI-Lizard-Prediction-Challenge/train/Desert_iguana/Desert_iguana_Desert_iguana_208.jpg,0.8725470891526583,False,0.49951171875,False,0.8604228580768182,False,0.7091282904727474,False,1,False,0.7918747467936044,False,0.4673150408489305,False,1.0,False,1.0,False
c:/school programs/AI/ML_ENV/AI-Lizard-Prediction-Challenge/train/Desert_iguana/Desert_iguana_Desert_iguana_209.jpg,0.9557598073420043,False,0.59814453125,False,0.9514808210646178,False,0.9465537527450589,False,1,False,0.9894752569526394,False,0.5891438596086509,False,1.0,False,1.0,False
c:/school programs/AI/ML_ENV/AI-Lizard-Prediction-Challenge/train/Desert_iguana/Desert_iguana_Desert_iguana_21.jpg,0.9285714285714285,False,0.75,False,0.9055242357545128,False,0.7308860566703665,False,1,False,0.9073049096936329,False,0.45385461109573466,False,1.0,False,1.0,False
c:/school programs/AI/ML_ENV/AI-Lizard-Prediction-Challenge/train/Desert_iguana/Desert_iguana_Desert_iguana_214.jpg,0.9285714285714285,False,0.75,False,0.9470124476751247,False,0.8988113702396756,False,1,False,0.9881320518744248,False,0.5750544429088988,False,1.0,False,1.0,False
c:/school programs/AI/ML_ENV/AI-Lizard-Prediction-Challenge/train/Desert_iguana/Desert_iguana_Desert_iguana_216.jpg,0.8802777854767019,False,0.50830078125,False,0.8877236063563615,False,0.6461821780433055,False,1,False,0.927146631653229,False,0.5356271458934004,False,1.0,False,1.0,False
c:/school programs/AI/ML_ENV/AI-Lizard-Prediction-Challenge/train/Desert_iguana/Desert_iguana_Desert_iguana_219.jpg,0.9285714285714285,False,0.75,False,0.8183706408262243,False,0.5506664827708988,False,1,False,0.817223259708845,False,0.6849156287637589,False,1.0,False,1.0,False
c:/school programs/AI/ML_ENV/AI-Lizard-Prediction-Challenge/train/Desert_iguana/Desert_iguana_Desert_iguana_23.jpg,0.49990213946494166,True,0.6669921875,False,0.8769563266366641,False,0.7083695491260036,False,1,False,0.8987421258008138,False,0.5090095656137474,False,1.0,False,1.0,False
c:/school programs/AI/ML_ENV/AI-Lizard-Prediction-Challenge/train/Desert_iguana/Desert_iguana_Desert_iguana_24.jpg,0.9285714285714285,False,0.75,False,0.92154475549881,False,0.9783151083659009,False,1,False,0.986568645961813,False,0.5784372669538697,False,1.0,False,1.0,False
c:/school programs/AI/ML_ENV/AI-Lizard-Prediction-Challenge/train/Desert_iguana/Desert_iguana_Desert_iguana_25.jpg,0.9285714285714285,False,0.75,False,0.9117410433297719,False,0.8238009932905468,False,1,False,0.887957451242583,False,0.45041462082342254,False,1.0,False,1.0,False
c:/school programs/AI/ML_ENV/AI-Lizard-Prediction-Challenge/train/Desert_iguana/Desert_iguana_Desert_iguana_26.jpg,0.9265414150995837,False,0.5625,False,0.9006832130054465,False,0.8297830048093043,False,1,False,0.86292934752709,False,0.5303990323152299,False,1.0,False,1.0,False
c:/school programs/AI/ML_ENV/AI-Lizard-Prediction-Challenge/train/Desert_iguana/Desert_iguana_Desert_iguana_27.jpg,0.9285714285714285,False,0.75,False,0.9285275051906359,False,0.8198576324473714,False,1,False,0.9566501772889795,False,0.5718502012562585,False,1.0,False,1.0,False
c:/school programs/AI/ML_ENV/AI-Lizard-Prediction-Challenge/train/Desert_iguana/Desert_iguana_Desert_iguana_28.jpg,0.49690695334561685,True,0.75,False,0.9043078038852581,False,0.7975927778521963,False,1,False,0.9397049879402715,False,0.4618025447200895,False,1.0,False,1.0,False
c:/school programs/AI/ML_ENV/AI-Lizard-Prediction-Challenge/train/Desert_iguana/Desert_iguana_Desert_iguana_29.jpg,0.9285714285714285,False,0.75,False,0.8937571142515822,False,0.783007732895655,False,1,False,0.842648713910932,False,0.5029613871262975,False,1.0,False,1.0,False
c:/school programs/AI/ML_ENV/AI-Lizard-Prediction-Challenge/train/Desert_iguana/Desert_iguana_Desert_iguana_31.jpg,0.9285714285714285,False,0.75,False,0.9383620088809517,False,0.8360463489506075,False,1,False,0.972674691437647,False,0.6057999904721232,False,1.0,False,1.0,False
c:/school programs/AI/ML_ENV/AI-Lizard-Prediction-Challenge/train/Desert_iguana/Desert_iguana_Desert_iguana_32.jpg,0.9285714285714285,False,0.75,False,0.9229838620618775,False,0.9212460705408768,False,1,False,0.868625131674857,False,0.5266713764140827,False,1.0,False,1.0,False
c:/school programs/AI/ML_ENV/AI-Lizard-Prediction-Challenge/train/Desert_iguana/Desert_iguana_Desert_iguana_33.jpg,0.9285714285714285,False,0.75,False,0.9377474465973595,False,0.8684537291429602,False,1,False,0.9621622132299075,False,0.5074670318362633,False,1.0,False,1.0,False
c:/school programs/AI/ML_ENV/AI-Lizard-Prediction-Challenge/train/Desert_iguana/Desert_iguana_Desert_iguana_34.jpg,0.9905452019764944,False,0.66650390625,False,0.8989674700425128,False,0.8861149867971277,False,1,False,0.7679367845314641,False,0.4848437790220699,False,1.0,False,1.0,False
c:/school programs/AI/ML_ENV/AI-Lizard-Prediction-Challenge/train/Desert_iguana/Desert_iguana_Desert_iguana_35.jpg,0.9905452019764944,False,0.66650390625,False,0.8817241758723675,False,0.8981306594069428,False,1,False,0.8158683054805692,False,0.45890813174312517,False,1.0,False,1.0,False
c:/school programs/AI/ML_ENV/AI-Lizard-Prediction-Challenge/train/Desert_iguana/Desert_iguana_Desert_iguana_37.jpg,0.9285714285714285,False,0.75,False,0.9385563143931122,False,0.9866810920017712,False,1,False,0.9729273536728208,False,0.5917359975026781,False,1.0,False,1.0,False
c:/school programs/AI/ML_ENV/AI-Lizard-Prediction-Challenge/train/Desert_iguana/Desert_iguana_Desert_iguana_38.jpg,0.9285714285714285,False,0.75,False,0.9251215916291623,False,0.8934036419722021,False,1,False,0.9143555955808067,False,0.5576614668351626,False,1.0,False,1.0,False
c:/school programs/AI/ML_ENV/AI-Lizard-Prediction-Challenge/train/Desert_iguana/Desert_iguana_Desert_iguana_4.jpg,0.9285714285714285,False,0.75,False,0.8950162587343732,False,0.6887077942346738,False,1,False,0.9424966313141107,False,0.39320972937451637,False,1.0,False,1.0,False
c:/school programs/AI/ML_ENV/AI-Lizard-Prediction-Challenge/train/Desert_iguana/Desert_iguana_Desert_iguana_40.jpg,0.8279901866781452,False,0.89599609375,False,0.9105025725728448,False,0.7887593994729369,False,1,False,0.9007388483323234,False,0.39379137091137706,False,1.0,False,1.0,False
c:/school programs/AI/ML_ENV/AI-Lizard-Prediction-Challenge/train/Desert_iguana/Desert_iguana_Desert_iguana_41.jpg,0.9285714285714285,False,0.75,False,0.9425633305532675,False,0.9459049493039897,False,1,False,0.941147352490749,False,0.5099038239171843,False,1.0,False,1.0,False
c:/school programs/AI/ML_ENV/AI-Lizard-Prediction-Challenge/train/Desert_iguana/Desert_iguana_Desert_iguana_42.jpg,0.9285714285714285,False,0.75,False,0.9284114005366684,False,0.8285710148116525,False,1,False,0.9994686169859808,False,0.5340560757324712,False,1.0,False,1.0,False
c:/school programs/AI/ML_ENV/AI-Lizard-Prediction-Challenge/train/Desert_iguana/Desert_iguana_Desert_iguana_43.jpg,0.9285714285714285,False,0.75,False,0.8645347437908324,False,0.6380721012113494,False,1,False,0.8244096416277322,False,0.49106819187881445,False,1.0,False,1.0,False
c:/school programs/AI/ML_ENV/AI-Lizard-Prediction-Challenge/train/Desert_iguana/Desert_iguana_Desert_iguana_44.jpg,0.9285714285714285,False,0.75,False,0.9331751432240042,False,0.8441280309291554,False,1,False,0.9471379358645967,False,0.5601153670713213,False,1.0,False,1.0,False
c:/school programs/AI/ML_ENV/AI-Lizard-Prediction-Challenge/train/Desert_iguana/Desert_iguana_Desert_iguana_45.jpg,0.9285714285714285,False,0.75,False,0.9237775912537638,False,0.8257088393263566,False,1,False,0.9227790215675346,False,0.5398327551315714,False,1.0,False,1.0,False
c:/school programs/AI/ML_ENV/AI-Lizard-Prediction-Challenge/train/Desert_iguana/Desert_iguana_Desert_iguana_46.jpg,0.9265414150995837,False,0.5625,False,0.8269090122032609,False,0.5789855534929617,False,1,False,0.8942506351047431,False,0.43252956697954825,False,1.0,False,1.0,False
c:/school programs/AI/ML_ENV/AI-Lizard-Prediction-Challenge/train/Desert_iguana/Desert_iguana_Desert_iguana_47.jpg,0.9285714285714285,False,0.75,False,0.8988343143008821,False,0.8874303496397116,False,1,False,0.882268954608543,False,0.4627122779133118,False,1.0,False,1.0,False
c:/school programs/AI/ML_ENV/AI-Lizard-Prediction-Challenge/train/Desert_iguana/Desert_iguana_Desert_iguana_48.jpg,0.7302031534191348,False,0.5643564356435643,False,0.8933367035204341,False,0.9980748333006065,False,1,False,0.9916470285824611,False,0.5807630755469821,False,1.0,False,1.0,False
c:/school programs/AI/ML_ENV/AI-Lizard-Prediction-Challenge/train/Desert_iguana/Desert_iguana_Desert_iguana_49.jpg,0.7955018191940364,False,0.6683168316831684,False,0.9257765404929761,False,0.8686537925150317,False,1,False,0.9528303251914177,False,0.5471245138979748,False,1.0,False,1.0,False
c:/school programs/AI/ML_ENV/AI-Lizard-Prediction-Challenge/train/Desert_iguana/Desert_iguana_Desert_iguana_5.jpg,0.6976395823580637,False,0.5542014111610006,False,0.8909472622598589,False,0.7705800236093431,False,1,False,0.913482227989969,False,0.5014203222837748,False,1.0,False,1.0,False
c:/school programs/AI/ML_ENV/AI-Lizard-Prediction-Challenge/train/Desert_iguana/Desert_iguana_Desert_iguana_50.jpg,0.9285714285714285,False,0.75,False,0.9230327978014986,False,0.818846916032781,False,1,False,0.9279042626510051,False,0.5630874567420532,False,1.0,False,1.0,False
c:/school programs/AI/ML_ENV/AI-Lizard-Prediction-Challenge/train/Desert_iguana/Desert_iguana_Desert_iguana_52.jpg,0.9285714285714285,False,0.75,False,0.9331967532345712,False,0.8054038379561428,False,1,False,0.9775222071714095,False,0.5448569541007889,False,1.0,False,1.0,False
c:/school programs/AI/ML_ENV/AI-Lizard-Prediction-Challenge/train/Desert_iguana/Desert_iguana_Desert_iguana_53.jpg,0.9285714285714285,False,0.75,False,0.9027776109254013,False,0.7484537322913445,False,1,False,0.9635942263946478,False,0.5664545391850477,False,1.0,False,1.0,False
c:/school programs/AI/ML_ENV/AI-Lizard-Prediction-Challenge/train/Desert_iguana/Desert_iguana_Desert_iguana_54.jpg,0.9285714285714285,False,0.75,False,0.9398207871994808,False,0.9552427196044659,False,1,False,0.9959671159044816,False,0.5643565789613978,False,1.0,False,1.0,False
c:/school programs/AI/ML_ENV/AI-Lizard-Prediction-Challenge/train/Desert_iguana/Desert_iguana_Desert_iguana_55.jpg,0.9285714285714285,False,0.75,False,0.9455847441538403,False,0.9647058823529412,False,1,False,0.9870084198805158,False,0.6074322248330264,False,1.0,False,1.0,False
c:/school programs/AI/ML_ENV/AI-Lizard-Prediction-Challenge/train/Desert_iguana/Desert_iguana_Desert_iguana_57.jpg,0.9905452019764944,False,0.66650390625,False,0.9011943633634273,False,0.8065376082035577,False,1,False,0.8867920838184712,False,0.5281226518321519,False,1.0,False,1.0,False
c:/school programs/AI/ML_ENV/AI-Lizard-Prediction-Challenge/train/Desert_iguana/Desert_iguana_Desert_iguana_58.jpg,0.9314065246723959,False,0.7498597868760516,False,0.9128973939490392,False,0.9272633058075543,False,1,False,0.9482648108414653,False,0.5381575920045201,False,1.0,False,1.0,False
c:/school programs/AI/ML_ENV/AI-Lizard-Prediction-Challenge/train/Desert_iguana/Desert_iguana_Desert_iguana_59.jpg,0.9265414150995837,False,0.5625,False,0.9249162150370751,False,0.8938635583213255,False,1,False,0.9464955577446995,False,0.58633389766852,False,1.0,False,1.0,False
c:/school programs/AI/ML_ENV/AI-Lizard-Prediction-Challenge/train/Desert_iguana/Desert_iguana_Desert_iguana_61.jpg,0.9285714285714285,False,0.75,False,0.9254492740158498,False,0.8053932878977896,False,1,False,0.9548198136747731,False,0.4967655400926969,False,1.0,False,1.0,False
c:/school programs/AI/ML_ENV/AI-Lizard-Prediction-Challenge/train/Desert_iguana/Desert_iguana_Desert_iguana_62.jpg,0.9285714285714285,False,0.75,False,0.926281846510076,False,0.8693301203229105,False,1,False,0.9774123500144575,False,0.6300981436522736,False,1.0,False,1.0,False
c:/school programs/AI/ML_ENV/AI-Lizard-Prediction-Challenge/train/Desert_iguana/Desert_iguana_Desert_iguana_63.jpg,0.9285714285714285,False,0.75,False,0.9448582571790101,False,0.9823695066857981,False,1,False,0.9837891032205696,False,0.5890964080531176,False,1.0,False,1.0,False
c:/school programs/AI/ML_ENV/AI-Lizard-Prediction-Challenge/train/Desert_iguana/Desert_iguana_Desert_iguana_64.jpg,0.996162207169423,False,0.75,False,0.9328819551451443,False,0.9249308917653236,False,1,False,0.8987271019007316,False,0.5992640688905166,False,1.0,False,1.0,False
c:/school programs/AI/ML_ENV/AI-Lizard-Prediction-Challenge/train/Desert_iguana/Desert_iguana_Desert_iguana_65.jpg,0.9285714285714285,False,0.75,False,0.8868873081153157,False,0.7938943507834271,False,1,False,0.8357808788802852,False,0.48758509345580126,False,1.0,False,1.0,False
c:/school programs/AI/ML_ENV/AI-Lizard-Prediction-Challenge/train/Desert_iguana/Desert_iguana_Desert_iguana_67.jpg,0.9285714285714285,False,0.75,False,0.947859253841844,False,0.8940569527624502,False,1,False,0.98976617342022,False,0.6055183300552991,False,1.0,False,1.0,False
c:/school programs/AI/ML_ENV/AI-Lizard-Prediction-Challenge/train/Desert_iguana/Desert_iguana_Desert_iguana_68.jpg,0.9265414150995837,False,0.5625,False,0.9031554086900789,False,0.7681990340564133,False,1,False,0.8827362740301647,False,0.5270864409706637,False,1.0,False,1.0,False
c:/school programs/AI/ML_ENV/AI-Lizard-Prediction-Challenge/train/Desert_iguana/Desert_iguana_Desert_iguana_69.jpg,0.9265414150995837,False,0.5625,False,0.9293895605361562,False,0.8128528181716802,False,1,False,0.9587021616117122,False,0.4929530968030271,False,1.0,False,1.0,False
c:/school programs/AI/ML_ENV/AI-Lizard-Prediction-Challenge/train/Desert_iguana/Desert_iguana_Desert_iguana_70.jpg,0.9285714285714285,False,0.75,False,0.9027689999984867,False,0.7568228353562297,False,1,False,0.9160995582441616,False,0.501336594218656,False,1.0,False,1.0,False
c:/school programs/AI/ML_ENV/AI-Lizard-Prediction-Challenge/train/Desert_iguana/Desert_iguana_Desert_iguana_71.jpg,0.9285714285714285,False,0.75,False,0.9192473654112304,False,0.7806114189822796,False,1,False,0.9869324823518886,False,0.4751393903386102,False,1.0,False,1.0,False
c:/school programs/AI/ML_ENV/AI-Lizard-Prediction-Challenge/train/Desert_iguana/Desert_iguana_Desert_iguana_72.jpg,0.9285714285714285,False,0.75,False,0.9431330898863408,False,0.9573094429629839,False,1,False,0.9867058581947938,False,0.5923005714205516,False,1.0,False,1.0,False
c:/school programs/AI/ML_ENV/AI-Lizard-Prediction-Challenge/train/Desert_iguana/Desert_iguana_Desert_iguana_73.jpg,0.9285714285714285,False,0.75,False,0.9335498329617323,False,0.8536041086077478,False,1,False,0.9838209218680335,False,0.5775319812085689,False,1.0,False,1.0,False
c:/school programs/AI/ML_ENV/AI-Lizard-Prediction-Challenge/train/Desert_iguana/Desert_iguana_Desert_iguana_77.jpg,0.9285714285714285,False,0.75,False,0.9383023967772858,False,0.8291828446065757,False,1,False,0.9958525218576659,False,0.5831861390969286,False,1.0,False,1.0,False
c:/school programs/AI/ML_ENV/AI-Lizard-Prediction-Challenge/train/Desert_iguana/Desert_iguana_Desert_iguana_78.jpg,0.4884581060208675,True,0.75,False,0.8977357627436091,False,0.7799344056404134,False,1,False,0.8995447949597493,False,0.4881305798462935,False,1.0,False,1.0,False
c:/school programs/AI/ML_ENV/AI-Lizard-Prediction-Challenge/train/Desert_iguana/Desert_iguana_Desert_iguana_79.jpg,0.9285714285714285,False,0.75,False,0.8815351293681597,False,0.7535629673270181,False,1,False,0.8558974955424377,False,0.44340776707557095,False,1.0,False,1.0,False
c:/school programs/AI/ML_ENV/AI-Lizard-Prediction-Challenge/train/Desert_iguana/Desert_iguana_Desert_iguana_82.jpg,0.9285714285714285,False,0.75,False,0.8840024183357551,False,0.7183165071261157,False,1,False,0.8969510317751673,False,0.6503757164047875,False,1.0,False,1.0,False
c:/school programs/AI/ML_ENV/AI-Lizard-Prediction-Challenge/train/Desert_iguana/Desert_iguana_Desert_iguana_85.jpg,0.9265414150995837,False,0.5625,False,0.9258937685918632,False,0.8621180572477398,False,1,False,0.9931391634226673,False,0.5912472363494701,False,1.0,False,1.0,False
c:/school programs/AI/ML_ENV/AI-Lizard-Prediction-Challenge/train/Desert_iguana/Desert_iguana_Desert_iguana_87.jpg,0.9905452019764944,False,0.66650390625,False,0.9017755909839469,False,0.852141988577843,False,1,False,0.9903978206444393,False,0.5372273734404298,False,1.0,False,1.0,False
c:/school programs/AI/ML_ENV/AI-Lizard-Prediction-Challenge/train/Desert_iguana/Desert_iguana_Desert_iguana_88.jpg,0.9905452019764944,False,0.66650390625,False,0.8951008558321857,False,0.7706374411755686,False,1,False,0.8989750325725256,False,0.4982442451589485,False,1.0,False,1.0,False
c:/school programs/AI/ML_ENV/AI-Lizard-Prediction-Challenge/train/Desert_iguana/Desert_iguana_Desert_iguana_89.jpg,0.9285714285714285,False,0.75,False,0.9098971466952328,False,0.7638136198857347,False,1,False,0.9589423880778456,False,0.4959267764681885,False,1.0,False,1.0,False
c:/school programs/AI/ML_ENV/AI-Lizard-Prediction-Challenge/train/Desert_iguana/Desert_iguana_Desert_iguana_90.jpg,0.9598764309922967,False,0.9034216335540839,False,0.9414585928112023,False,0.9068606398586744,False,1,False,0.9843616658898072,False,0.6106475426356982,False,1.0,False,1.0,False
c:/school programs/AI/ML_ENV/AI-Lizard-Prediction-Challenge/train/Desert_iguana/Desert_iguana_Desert_iguana_91.jpg,0.9285714285714285,False,0.75,False,0.9078002477301587,False,0.899860612331078,False,1,False,0.8746134819400133,False,0.5111933877831527,False,1.0,False,1.0,False
c:/school programs/AI/ML_ENV/AI-Lizard-Prediction-Challenge/train/Desert_iguana/Desert_iguana_Desert_iguana_92.jpg,0.9153627704772764,False,0.5622529644268774,False,0.9321989328331132,False,0.8266413380230747,False,1,False,0.9314955790774482,False,0.5704679653361192,False,1.0,False,1.0,False
c:/school programs/AI/ML_ENV/AI-Lizard-Prediction-Challenge/train/Desert_iguana/Desert_iguana_Desert_iguana_94.jpg,0.9285714285714285,False,0.75,False,0.8897528717163312,False,0.9227191245015893,False,1,False,0.9394069638428226,False,0.4201122040665979,False,1.0,False,1.0,False
c:/school programs/AI/ML_ENV/AI-Lizard-Prediction-Challenge/train/Desert_iguana/Desert_iguana_Desert_iguana_95.jpg,0.9285714285714285,False,0.75,False,0.8988059839764717,False,0.770759842967448,False,1,False,0.8833689227014788,False,0.4587314137967359,False,1.0,False,1.0,False
c:/school programs/AI/ML_ENV/AI-Lizard-Prediction-Challenge/train/Desert_iguana/Desert_iguana_Desert_iguana_96.jpg,0.8451855001859563,False,0.8701171875,False,0.9068761046892245,False,0.980748333006065,False,1,False,0.9822889807364624,False,0.5287336753940116,False,1.0,False,1.0,False
c:/school programs/AI/ML_ENV/AI-Lizard-Prediction-Challenge/train/Desert_iguana/Desert_iguana_Desert_iguana_97.jpg,0.9285714285714285,False,0.75,False,0.9076349577897052,False,0.7916902389344871,False,1,False,0.9870622356154071,False,0.5558860042479975,False,1.0,False,1.0,False
c:/school programs/AI/ML_ENV/AI-Lizard-Prediction-Challenge/train/Desert_iguana/Desert_iguana_Dipsosaurus_dorsalis_1.jpg,0.9905452019764944,False,0.66650390625,False,0.9019149989610059,False,0.8722740823693089,False,1,False,0.8473736524591549,False,0.5475898319173058,False,1.0,False,1.0,False
c:/school programs/AI/ML_ENV/AI-Lizard-Prediction-Challenge/train/Green_anole/Green_anole_Green_anole_1.jpg,0.9285714285714285,False,0.75,False,0.8988129250837821,False,0.8627988900927376,False,1,False,0.8879315327020593,False,0.446591357728808,False,0.5,True,1.0,False
c:/school programs/AI/ML_ENV/AI-Lizard-Prediction-Challenge/train/Green_anole/Green_anole_Green_anole_10.jpg,0.9905452019764944,False,0.66650390625,False,0.9191091299021834,False,0.7483500047533262,False,1,False,0.9847260522215685,False,0.4985682676875418,False,0.5,True,1.0,False
c:/school programs/AI/ML_ENV/AI-Lizard-Prediction-Challenge/train/Green_anole/Green_anole_Green_anole_100.jpg,0.9285714285714285,False,0.75,False,0.9336418209731276,False,0.9395110274379308,False,1,False,0.9667298710594474,False,0.5209352528398906,False,1.0,False,1.0,False
c:/school programs/AI/ML_ENV/AI-Lizard-Prediction-Challenge/train/Green_anole/Green_anole_Green_anole_101.jpg,0.7908890793948853,False,0.953125,False,0.8882884317643328,False,0.7471514685549818,False,1,False,0.9320880059037943,False,0.7124464447336971,False,1.0,False,1.0,False
c:/school programs/AI/ML_ENV/AI-Lizard-Prediction-Challenge/train/Green_anole/Green_anole_Green_anole_103.jpg,0.9905452019764944,False,0.66650390625,False,0.9320206747799156,False,0.9220832570052616,False,1,False,0.9475885306972073,False,0.5491884986987863,False,1.0,False,1.0,False
c:/school programs/AI/ML_ENV/AI-Lizard-Prediction-Challenge/train/Green_anole/Green_anole_Green_anole_104.jpg,0.9285714285714285,False,0.75,False,0.9001119591707294,False,0.9475054423281846,False,1,False,0.8295671573712426,False,0.3762744732663029,False,1.0,False,1.0,False
c:/school programs/AI/ML_ENV/AI-Lizard-Prediction-Challenge/train/Green_anole/Green_anole_Green_anole_105.jpg,0.9265414150995837,False,0.5625,False,0.7929281698778863,False,0.9803921568627451,False,1,False,0.6077554395939349,False,0.3667043630670561,False,1.0,False,1.0,False
c:/school programs/AI/ML_ENV/AI-Lizard-Prediction-Challenge/train/Green_anole/Green_anole_Green_anole_106.jpg,0.9265414150995837,False,0.5625,False,0.9367912032368709,False,0.8599869287147841,False,1,False,0.9788640718727925,False,0.5257161375691622,False,1.0,False,1.0,False
c:/school programs/AI/ML_ENV/AI-Lizard-Prediction-Challenge/train/Green_anole/Green_anole_Green_anole_107.jpg,0.9285714285714285,False,0.75,False,0.9221008167580446,False,0.7950142398584166,False,1,False,0.9752122217009298,False,0.5085224435018998,False,1.0,False,1.0,False
c:/school programs/AI/ML_ENV/AI-Lizard-Prediction-Challenge/train/Green_anole/Green_anole_Green_anole_108.jpg,0.8273928556640802,False,0.44970703125,False,0.9357205737947751,False,0.9316380485841423,False,1,False,0.9601540197389129,False,0.50273395104581,False,1.0,False,1.0,False
c:/school programs/AI/ML_ENV/AI-Lizard-Prediction-Challenge/train/Green_anole/Green_anole_Green_anole_109.jpg,0.9905452019764944,False,0.66650390625,False,0.8913348164884152,False,0.893210278592781,False,1,False,0.7706472461564099,False,0.4747213697258198,False,1.0,False,1.0,False
c:/school programs/AI/ML_ENV/AI-Lizard-Prediction-Challenge/train/Green_anole/Green_anole_Green_anole_110.jpg,0.9285714285714285,False,0.75,False,0.8733738071168002,False,0.8340761652014745,False,1,False,0.9558508954099773,False,0.5223653777286743,False,1.0,False,1.0,False
c:/school programs/AI/ML_ENV/AI-Lizard-Prediction-Challenge/train/Green_anole/Green_anole_Green_anole_113.jpg,0.9265414150995837,False,0.5625,False,0.9282126436195823,False,0.8366502138550452,False,1,False,0.9516638966772636,False,0.5231535164237862,False,1.0,False,1.0,False
c:/school programs/AI/ML_ENV/AI-Lizard-Prediction-Challenge/train/Green_anole/Green_anole_Green_anole_114.jpg,0.9285714285714285,False,0.75,False,0.9135350392974927,False,0.7201926570416801,False,1,False,0.981079351316392,False,0.45319511526683776,False,1.0,False,1.0,False
c:/school programs/AI/ML_ENV/AI-Lizard-Prediction-Challenge/train/Green_anole/Green_anole_Green_anole_115.jpg,0.9265414150995837,False,0.5625,False,0.850976201556704,False,0.9184807841967617,False,1,False,0.7487048306849402,False,0.4392876820775502,False,1.0,False,1.0,False
c:/school programs/AI/ML_ENV/AI-Lizard-Prediction-Challenge/train/Green_anole/Green_anole_Green_anole_116.jpg,0.8151764388313282,False,0.96,False,0.8576952153195729,False,0.5981469977131232,False,1,False,0.9703177440476326,False,0.7296024099434667,False,1.0,False,1.0,False
c:/school programs/AI/ML_ENV/AI-Lizard-Prediction-Challenge/train/Green_anole/Green_anole_Green_anole_117.jpg,0.9265414150995837,False,0.5625,False,0.9107983182153371,False,0.8070258676320372,False,1,False,0.937969241274923,False,0.5468897967373221,False,1.0,False,1.0,False
c:/school programs/AI/ML_ENV/AI-Lizard-Prediction-Challenge/train/Green_anole/Green_anole_Green_anole_118.jpg,0.9285714285714285,False,0.75,False,0.8111476284884411,False,0.6365528151035555,False,1,False,0.813783489546523,False,0.6280857300984772,False,1.0,False,1.0,False
c:/school programs/AI/ML_ENV/AI-Lizard-Prediction-Challenge/train/Green_anole/Green_anole_Green_anole_119.jpg,0.9285714285714285,False,0.75,False,0.9335669005250842,False,0.8389064666418555,False,1,False,0.9754950850460269,False,0.5264577246337776,False,1.0,False,1.0,False
c:/school programs/AI/ML_ENV/AI-Lizard-Prediction-Challenge/train/Green_anole/Green_anole_Green_anole_12.jpg,0.9285714285714285,False,0.75,False,0.9268631210906135,False,0.804427436865545,False,1,False,0.9383949174764925,False,0.5765297924733923,False,0.5,True,1.0,False
c:/school programs/AI/ML_ENV/AI-Lizard-Prediction-Challenge/train/Green_anole/Green_anole_Green_anole_120.jpg,0.9285714285714285,False,0.75,False,0.8937591491864079,False,0.9374345709643171,False,1,False,0.8645961817390783,False,0.45001170916882827,False,1.0,False,1.0,False
c:/school programs/AI/ML_ENV/AI-Lizard-Prediction-Challenge/train/Green_anole/Green_anole_Green_anole_121.jpg,0.9285714285714285,False,0.75,False,0.876572000151993,False,0.6723229616747646,False,1,False,0.8844793897257716,False,0.48339493182517,False,1.0,False,1.0,False
c:/school programs/AI/ML_ENV/AI-Lizard-Prediction-Challenge/train/Green_anole/Green_anole_Green_anole_122.jpg,0.18773036027530343,True,0.7560321715817694,False,0.7997307191615985,False,0.710317359347732,False,1,False,1.0,False,0.8108151803096788,False,1.0,False,1.0,False
c:/school programs/AI/ML_ENV/AI-Lizard-Prediction-Challenge/train/Green_anole/Green_anole_Green_anole_123.jpg,0.9285714285714285,False,0.75,False,0.9294033460042785,False,0.8386702698983022,False,1,False,0.9351781734358121,False,0.5042634185866677,False,1.0,False,1.0,False
c:/school programs/AI/ML_ENV/AI-Lizard-Prediction-Challenge/train/Green_anole/Green_anole_Green_anole_124.jpg,0.9285714285714285,False,0.75,False,0.9297724581806265,False,0.8098345284380088,False,1,False,0.9738539632381875,False,0.5203623370580734,False,1.0,False,1.0,False
c:/school programs/AI/ML_ENV/AI-Lizard-Prediction-Challenge/train/Green_anole/Green_anole_Green_anole_125.jpg,0.9285714285714285,False,0.75,False,0.8905575077866588,False,0.8355920060764239,False,1,False,0.9963455871469985,False,0.4133427563132335,False,1.0,False,1.0,False
c:/school programs/AI/ML_ENV/AI-Lizard-Prediction-Challenge/train/Green_anole/Green_anole_Green_anole_126.jpg,0.9285714285714285,False,0.75,False,0.9382970250810664,False,0.8989309736027609,False,1,False,0.9058823529411764,False,0.5158851039626551,False,1.0,False,1.0,False
c:/school programs/AI/ML_ENV/AI-Lizard-Prediction-Challenge/train/Green_anole/Green_anole_Green_anole_128.jpg,0.9265414150995837,False,0.5625,False,0.8902206103052711,False,1.0,False,1,False,0.9164609680080965,False,0.4774094169601829,False,1.0,False,1.0,False
c:/school programs/AI/ML_ENV/AI-Lizard-Prediction-Challenge/train/Green_anole/Green_anole_Green_anole_129.jpg,0.9285714285714285,False,0.75,False,0.7199615927687288,False,1.0,False,1,False,0.8390443995731333,False,0.902122583945238,False,1.0,False,1.0,False
c:/school programs/AI/ML_ENV/AI-Lizard-Prediction-Challenge/train/Green_anole/Green_anole_Green_anole_131.jpg,0.9285714285714285,False,0.75,False,0.9144164535417355,False,0.7821311146329686,False,1,False,0.9552139485189481,False,0.4935007664940939,False,1.0,False,1.0,False
c:/school programs/AI/ML_ENV/AI-Lizard-Prediction-Challenge/train/Green_anole/Green_anole_Green_anole_132.jpg,0.6146577784754037,False,0.640625,False,0.9064682491387508,False,0.6928585992388607,False,1,False,1.0,False,0.4771892404929259,False,1.0,False,1.0,False
c:/school programs/AI/ML_ENV/AI-Lizard-Prediction-Challenge/train/Green_anole/Green_anole_Green_anole_133.jpg,0.6166394991932671,False,0.5627737226277372,False,0.9163007356427834,False,0.8680846449436079,False,1,False,0.8918713354775568,False,0.47214520773580726,False,1.0,False,1.0,False
c:/school programs/AI/ML_ENV/AI-Lizard-Prediction-Challenge/train/Green_anole/Green_anole_Green_anole_134.jpg,0.9247059484866316,False,0.75537109375,False,0.9276931850519324,False,0.9160471929131467,False,1,False,0.9272679502687129,False,0.4787808192497969,False,1.0,False,1.0,False
c:/school programs/AI/ML_ENV/AI-Lizard-Prediction-Challenge/train/Green_anole/Green_anole_Green_anole_135.jpg,0.9285714285714285,False,0.75,False,0.9409839416553525,False,0.9426043899295136,False,1,False,0.9031152798872685,False,0.556241025829952,False,1.0,False,1.0,False
c:/school programs/AI/ML_ENV/AI-Lizard-Prediction-Challenge/train/Green_anole/Green_anole_Green_anole_136.jpg,0.9285714285714285,False,0.75,False,0.7006615732826323,False,0.9939361338326905,False,1,False,0.9814001719878873,False,1.0,False,1.0,False,1.0,False
c:/school programs/AI/ML_ENV/AI-Lizard-Prediction-Challenge/train/Green_anole/Green_anole_Green_anole_139.jpg,0.5387448450553406,False,0.5625,False,0.9185305125777244,False,0.8618824308826533,False,1,False,0.9361525061665963,False,0.5148969873444085,False,1.0,False,1.0,False
c:/school programs/AI/ML_ENV/AI-Lizard-Prediction-Challenge/train/Green_anole/Green_anole_Green_anole_141.jpg,0.5545112392518232,False,0.9281997918834547,False,0.927838176806401,False,0.821358064339667,False,1,False,0.9672201573357702,False,0.6176938964266945,False,1.0,False,1.0,False
c:/school programs/AI/ML_ENV/AI-Lizard-Prediction-Challenge/train/Green_anole/Green_anole_Green_anole_143.jpg,0.7612701511541071,False,1.0,False,0.9060010508395472,False,0.7949598177057775,False,1,False,0.9367236495861326,False,0.7036152660524868,False,1.0,False,1.0,False
c:/school programs/AI/ML_ENV/AI-Lizard-Prediction-Challenge/train/Green_anole/Green_anole_Green_anole_144.jpg,0.8202853770257406,False,0.90771484375,False,0.9301419130865765,False,0.9303151489215963,False,1,False,0.9199388927100789,False,0.45149658705175577,False,1.0,False,1.0,False
c:/school programs/AI/ML_ENV/AI-Lizard-Prediction-Challenge/train/Green_anole/Green_anole_Green_anole_145.jpg,0.9905452019764944,False,0.66650390625,False,0.8186529733586778,False,0.9746923580767489,False,1,False,0.582133093776385,False,0.37594971160704516,False,1.0,False,1.0,False
c:/school programs/AI/ML_ENV/AI-Lizard-Prediction-Challenge/train/Green_anole/Green_anole_Green_anole_147.jpg,0.9265414150995837,False,0.5625,False,0.9126287535499973,False,0.8242630937804684,False,1,False,0.8501104543996919,False,0.49884057084633904,False,1.0,False,1.0,False
c:/school programs/AI/ML_ENV/AI-Lizard-Prediction-Challenge/train/Green_anole/Green_anole_Green_anole_148.jpg,0.9285714285714285,False,0.75,False,0.8103466440379266,False,0.533582683192491,False,1,False,0.8741687983696628,False,0.4177532698586168,False,1.0,False,1.0,False
c:/school programs/AI/ML_ENV/AI-Lizard-Prediction-Challenge/train/Green_anole/Green_anole_Green_anole_149.jpg,0.9265414150995837,False,0.5625,False,0.8576499083591838,False,0.8731393460183858,False,1,False,0.9010506357313155,False,0.35578007584176863,False,1.0,False,1.0,False
c:/school programs/AI/ML_ENV/AI-Lizard-Prediction-Challenge/train/Green_anole/Green_anole_Green_anole_150.jpg,0.9285714285714285,False,0.75,False,0.9207072356439712,False,0.8757811334885653,False,1,False,0.9511035942025645,False,0.5419841085257798,False,1.0,False,1.0,False
c:/school programs/AI/ML_ENV/AI-Lizard-Prediction-Challenge/train/Green_anole/Green_anole_Green_anole_153.jpg,0.9285714285714285,False,0.75,False,0.936295760644436,False,0.9041178475482268,False,1,False,0.936747709185952,False,0.48169230147109077,False,1.0,False,1.0,False
c:/school programs/AI/ML_ENV/AI-Lizard-Prediction-Challenge/train/Green_anole/Green_anole_Green_anole_154.jpg,0.9285714285714285,False,0.75,False,0.9173658555201656,False,0.8699767861497564,False,1,False,0.928190146105824,False,0.5649562124130632,False,1.0,False,1.0,False
c:/school programs/AI/ML_ENV/AI-Lizard-Prediction-Challenge/train/Green_anole/Green_anole_Green_anole_155.jpg,0.9285714285714285,False,0.75,False,0.9407366688426916,False,0.9135757983117742,False,1,False,0.9638697157354602,False,0.5743128334634595,False,1.0,False,1.0,False
c:/school programs/AI/ML_ENV/AI-Lizard-Prediction-Challenge/train/Green_anole/Green_anole_Green_anole_156.jpg,0.926461275428192,False,0.7529296875,False,0.9169757633433628,False,0.8154416308627316,False,1,False,0.9325989613764734,False,0.40575857113456293,False,1.0,False,1.0,False
c:/school programs/AI/ML_ENV/AI-Lizard-Prediction-Challenge/train/Green_anole/Green_anole_Green_anole_157.jpg,0.6102451391814401,False,0.8758049678012879,False,0.918963313376405,False,0.8419690971937073,False,1,False,0.9317826383037053,False,0.5302463092266085,False,1.0,False,1.0,False
c:/school programs/AI/ML_ENV/AI-Lizard-Prediction-Challenge/train/Green_anole/Green_anole_Green_anole_158.jpg,0.8088208224666114,False,0.92529296875,False,0.8868677531078589,False,0.8090787626340252,False,1,False,0.883153971910182,False,0.4050109914265039,False,1.0,False,1.0,False
c:/school programs/AI/ML_ENV/AI-Lizard-Prediction-Challenge/train/Green_anole/Green_anole_Green_anole_159.jpg,0.9285714285714285,False,0.75,False,0.9238320079126748,False,0.8115225413930834,False,1,False,0.9245165034169752,False,0.4950030401853255,False,1.0,False,1.0,False
c:/school programs/AI/ML_ENV/AI-Lizard-Prediction-Challenge/train/Green_anole/Green_anole_Green_anole_16.jpg,0.9265414150995837,False,0.5625,False,0.9462203548291113,False,0.91743891849103,False,1,False,0.9866585616425732,False,0.562985023109524,False,0.5,True,1.0,False
c:/school programs/AI/ML_ENV/AI-Lizard-Prediction-Challenge/train/Green_anole/Green_anole_Green_anole_160.jpg,0.9285714285714285,False,0.75,False,0.8926904276420619,False,0.9605785788827118,False,1,False,0.9665429424063738,False,0.5158719568604112,False,1.0,False,1.0,False
c:/school programs/AI/ML_ENV/AI-Lizard-Prediction-Challenge/train/Green_anole/Green_anole_Green_anole_161.jpg,0.7176992529841031,False,0.9924874791318865,False,0.8610005467316505,False,0.9782910093091224,False,1,False,0.5953801379375356,False,0.6223106399835221,False,1.0,False,1.0,False
c:/school programs/AI/ML_ENV/AI-Lizard-Prediction-Challenge/train/Green_anole/Green_anole_Green_anole_162.jpg,0.9285714285714285,False,0.75,False,0.8943454959658848,False,0.9031667108374279,False,1,False,0.9994686169859808,False,0.6350937046609033,False,1.0,False,1.0,False
c:/school programs/AI/ML_ENV/AI-Lizard-Prediction-Challenge/train/Green_anole/Green_anole_Green_anole_163.jpg,0.7777301344215122,False,0.39794921875,False,0.91890258745111,False,0.8944054019067162,False,1,False,0.8778077005202544,False,0.5476962115198664,False,1.0,False,1.0,False
c:/school programs/AI/ML_ENV/AI-Lizard-Prediction-Challenge/train/Green_anole/Green_anole_Green_anole_164.jpg,0.9901718349307735,False,0.6669921875,False,0.9162041915911617,False,0.8936695755225713,False,1,False,0.9607843137254901,False,0.5758077374987667,False,1.0,False,1.0,False
c:/school programs/AI/ML_ENV/AI-Lizard-Prediction-Challenge/train/Green_anole/Green_anole_Green_anole_165.jpg,0.9285714285714285,False,0.75,False,0.8818351071163184,False,0.9353338208558313,False,1,False,0.9927213150632997,False,0.5212516003373574,False,1.0,False,1.0,False
c:/school programs/AI/ML_ENV/AI-Lizard-Prediction-Challenge/train/Green_anole/Green_anole_Green_anole_168.jpg,0.9285714285714285,False,0.75,False,0.9038351349650782,False,0.7469455793858018,False,1,False,0.9404293030979716,False,0.41738719751913034,False,1.0,False,1.0,False
c:/school programs/AI/ML_ENV/AI-Lizard-Prediction-Challenge/train/Green_anole/Green_anole_Green_anole_17.jpg,0.9285714285714285,False,0.75,False,0.876643372874041,False,0.8062424413301129,False,1,False,0.836457295611543,False,0.4387768539426852,False,0.5,True,1.0,False
c:/school programs/AI/ML_ENV/AI-Lizard-Prediction-Challenge/train/Green_anole/Green_anole_Green_anole_170.jpg,0.728126911587978,False,0.807720861172977,False,0.8711354478406315,False,0.7799364322378437,False,1,False,0.8824440562977317,False,0.46556699444088046,False,1.0,False,1.0,False
c:/school programs/AI/ML_ENV/AI-Lizard-Prediction-Challenge/train/Green_anole/Green_anole_Green_anole_171.jpg,0.9236916118799223,False,0.55908203125,False,0.8146275998080381,False,0.8544519432215335,False,1,False,0.9384879820359927,False,0.4713521324314762,False,1.0,False,1.0,False
c:/school programs/AI/ML_ENV/AI-Lizard-Prediction-Challenge/train/Green_anole/Green_anole_Green_anole_172.jpg,0.6844734303392621,False,1.0,False,0.8877218206973251,False,0.828785687986617,False,1,False,0.8549019607843136,False,0.5056369297790098,False,1.0,False,1.0,False
c:/school programs/AI/ML_ENV/AI-Lizard-Prediction-Challenge/train/Green_anole/Green_anole_Green_anole_173.jpg,0.9810514745516963,False,0.6298828125,False,0.946187286855143,False,0.8960770995275873,False,1,False,0.9742280256999426,False,0.5764908267961155,False,1.0,False,1.0,False
c:/school programs/AI/ML_ENV/AI-Lizard-Prediction-Challenge/train/Green_anole/Green_anole_Green_anole_174.jpg,0.9285714285714285,False,0.75,False,0.9395822549998116,False,0.8661674283023276,False,1,False,0.9451399632715834,False,0.5464269192424887,False,1.0,False,1.0,False
c:/school programs/AI/ML_ENV/AI-Lizard-Prediction-Challenge/train/Green_anole/Green_anole_Green_anole_175.jpg,0.9285714285714285,False,0.75,False,0.9400146696341722,False,0.9154139373228009,False,1,False,0.9761291158190661,False,0.5635138309556706,False,1.0,False,1.0,False
c:/school programs/AI/ML_ENV/AI-Lizard-Prediction-Challenge/train/Green_anole/Green_anole_Green_anole_176.jpg,0.9285714285714285,False,0.75,False,0.8776364671910084,False,0.7791529709802828,False,1,False,0.9166981938585929,False,0.708765907821071,False,1.0,False,1.0,False
c:/school programs/AI/ML_ENV/AI-Lizard-Prediction-Challenge/train/Green_anole/Green_anole_Green_anole_177.jpg,0.9285714285714285,False,0.75,False,0.890098161982272,False,0.7765677541766542,False,1,False,0.8959406939234685,False,0.5331749904249847,False,1.0,False,1.0,False
c:/school programs/AI/ML_ENV/AI-Lizard-Prediction-Challenge/train/Green_anole/Green_anole_Green_anole_178.jpg,0.9285714285714285,False,0.75,False,0.8797461883495384,False,0.7196190047470428,False,1,False,0.8570609902135262,False,0.3607265026334734,False,1.0,False,1.0,False
c:/school programs/AI/ML_ENV/AI-Lizard-Prediction-Challenge/train/Green_anole/Green_anole_Green_anole_179.jpg,0.9285714285714285,False,0.75,False,0.8754723291339715,False,0.79781539149343,False,1,False,0.865084742044892,False,0.47688057390224325,False,1.0,False,1.0,False
c:/school programs/AI/ML_ENV/AI-Lizard-Prediction-Challenge/train/Green_anole/Green_anole_Green_anole_18.jpg,0.9285714285714285,False,0.75,False,0.889162823310133,False,0.659223967247886,False,1,False,0.9530706648780476,False,0.6168836691624087,False,0.5,True,1.0,False
c:/school programs/AI/ML_ENV/AI-Lizard-Prediction-Challenge/train/Green_anole/Green_anole_Green_anole_180.jpg,0.2824716970210497,True,0.8223062381852552,False,0.9083902151352196,False,0.8212129515632546,False,1,False,0.900385768919063,False,0.5246470407419384,False,1.0,False,1.0,False
c:/school programs/AI/ML_ENV/AI-Lizard-Prediction-Challenge/train/Green_anole/Green_anole_Green_anole_182.jpg,0.9285714285714285,False,0.75,False,0.9192670838855275,False,0.8476340127219979,False,1,False,0.9463748602274313,False,0.5519320086515662,False,1.0,False,1.0,False
c:/school programs/AI/ML_ENV/AI-Lizard-Prediction-Challenge/train/Green_anole/Green_anole_Green_anole_183.jpg,0.9285714285714285,False,0.75,False,0.7909926377232229,False,0.8201303389576897,False,1,False,0.5939310132017915,False,0.583246910982322,False,1.0,False,1.0,False
c:/school programs/AI/ML_ENV/AI-Lizard-Prediction-Challenge/train/Green_anole/Green_anole_Green_anole_184.jpg,0.9285714285714285,False,0.75,False,0.8995968612669114,False,0.7385966951005021,False,1,False,0.9108888392710993,False,0.49975308037516186,False,1.0,False,1.0,False
c:/school programs/AI/ML_ENV/AI-Lizard-Prediction-Challenge/train/Green_anole/Green_anole_Green_anole_185.jpg,0.9285714285714285,False,0.75,False,0.8899234427389899,False,0.8831177802777632,False,1,False,0.8635479330527857,False,0.43773971002620826,False,1.0,False,1.0,False
c:/school programs/AI/ML_ENV/AI-Lizard-Prediction-Challenge/train/Green_anole/Green_anole_Green_anole_186.jpg,0.7707572058036507,False,0.98486328125,False,0.9410664616191339,False,0.8830756840707755,False,1,False,0.9771724149243278,False,0.7377187399432413,False,1.0,False,1.0,False
c:/school programs/AI/ML_ENV/AI-Lizard-Prediction-Challenge/train/Green_anole/Green_anole_Green_anole_188.jpg,0.9265414150995837,False,0.5625,False,0.9215843614592416,False,0.8827647075220789,False,1,False,0.9686843834979257,False,0.569650013742896,False,1.0,False,1.0,False
c:/school programs/AI/ML_ENV/AI-Lizard-Prediction-Challenge/train/Green_anole/Green_anole_Green_anole_189.jpg,0.7521212486278958,False,0.6172218730358265,False,0.9447828467977714,False,0.8901213139686177,False,1,False,0.9938824643493699,False,0.5938779955631874,False,1.0,False,1.0,False
c:/school programs/AI/ML_ENV/AI-Lizard-Prediction-Challenge/train/Green_anole/Green_anole_Green_anole_19.jpg,0.9285714285714285,False,0.75,False,0.9381043721753548,False,0.9518900081196893,False,1,False,0.9445206274540935,False,0.5518837706022757,False,0.5,True,1.0,False
c:/school programs/AI/ML_ENV/AI-Lizard-Prediction-Challenge/train/Green_anole/Green_anole_Green_anole_190.jpg,0.9285714285714285,False,0.75,False,0.8845337341350888,False,0.6733858997641176,False,1,False,0.9371344987885596,False,0.4587698694672697,False,1.0,False,1.0,False
c:/school programs/AI/ML_ENV/AI-Lizard-Prediction-Challenge/train/Green_anole/Green_anole_Green_anole_191.jpg,0.9285714285714285,False,0.75,False,0.9419283098409311,False,0.8941176470588236,False,1,False,0.9990563098186153,False,0.5199158296005677,False,1.0,False,1.0,False
c:/school programs/AI/ML_ENV/AI-Lizard-Prediction-Challenge/train/Green_anole/Green_anole_Green_anole_192.jpg,0.9285714285714285,False,0.75,False,0.9203853143063189,False,0.7843954522038719,False,1,False,0.9421894956703953,False,0.5751180608931599,False,1.0,False,1.0,False
c:/school programs/AI/ML_ENV/AI-Lizard-Prediction-Challenge/train/Green_anole/Green_anole_Green_anole_193.jpg,0.9905452019764944,False,0.66650390625,False,0.780166949825552,False,0.9885963912980857,False,1,False,0.4905304585027868,False,0.4234765293935786,False,1.0,False,1.0,False
c:/school programs/AI/ML_ENV/AI-Lizard-Prediction-Challenge/train/Green_anole/Green_anole_Green_anole_194.jpg,0.9285714285714285,False,0.75,False,0.9456285665546847,False,0.9732650815761565,False,1,False,0.9648374475083392,False,0.4899825740586399,False,1.0,False,1.0,False
c:/school programs/AI/ML_ENV/AI-Lizard-Prediction-Challenge/train/Green_anole/Green_anole_Green_anole_195.jpg,0.4572875672814166,True,0.7941860465116279,False,0.837169363313392,False,0.9333333333333333,False,1,False,0.8495996750488651,False,0.6010939003691789,False,1.0,False,1.0,False
c:/school programs/AI/ML_ENV/AI-Lizard-Prediction-Challenge/train/Green_anole/Green_anole_Green_anole_196.jpg,0.9285714285714285,False,0.75,False,0.8928239009997796,False,0.872730264618718,False,1,False,0.9023770255241192,False,0.5455694513158784,False,1.0,False,1.0,False
c:/school programs/AI/ML_ENV/AI-Lizard-Prediction-Challenge/train/Green_anole/Green_anole_Green_anole_197.jpg,0.9285714285714285,False,0.75,False,0.9175138388585007,False,0.862847993750923,False,1,False,0.8971698849068099,False,0.5143471874079841,False,1.0,False,1.0,False
c:/school programs/AI/ML_ENV/AI-Lizard-Prediction-Challenge/train/Green_anole/Green_anole_Green_anole_198.jpg,0.9905452019764944,False,0.66650390625,False,0.8910579623092485,False,0.8293875158095688,False,1,False,0.9921568627450981,False,0.5023399730167395,False,1.0,False,1.0,False
c:/school programs/AI/ML_ENV/AI-Lizard-Prediction-Challenge/train/Green_anole/Green_anole_Green_anole_199.jpg,0.9285714285714285,False,0.75,False,0.9050116294158823,False,0.7779245428902171,False,1,False,0.9460390601163725,False,0.45967995729628697,False,1.0,False,1.0,False
c:/school programs/AI/ML_ENV/AI-Lizard-Prediction-Challenge/train/Green_anole/Green_anole_Green_anole_2.jpg,0.8033424205456996,False,1.0,False,0.9271089859257929,False,0.8981306594069428,False,1,False,0.8421312648760967,False,0.5728037563255063,False,0.5,True,1.0,False
c:/school programs/AI/ML_ENV/AI-Lizard-Prediction-Challenge/train/Green_anole/Green_anole_Green_anole_20.jpg,0.9285714285714285,False,0.75,False,0.9250235556371253,False,0.8570940897211797,False,1,False,0.9049110147614947,False,0.4678181549229866,False,0.5,True,1.0,False
c:/school programs/AI/ML_ENV/AI-Lizard-Prediction-Challenge/train/Green_anole/Green_anole_Green_anole_203.jpg,0.9285714285714285,False,0.75,False,0.9255076533851242,False,0.8328812130076861,False,1,False,0.9462592817087268,False,0.5906691799695992,False,0.5,True,1.0,False
c:/school programs/AI/ML_ENV/AI-Lizard-Prediction-Challenge/train/Green_anole/Green_anole_Green_anole_204.jpg,0.926461275428192,False,0.7529296875,False,0.929944524142444,False,0.9607843137254902,False,1,False,0.9793370243715299,False,0.5072492915333071,False,1.0,False,1.0,False
c:/school programs/AI/ML_ENV/AI-Lizard-Prediction-Challenge/train/Green_anole/Green_anole_Green_anole_205.jpg,0.9285714285714285,False,0.75,False,0.8982340496144892,False,0.715833384915123,False,1,False,0.9382006222208357,False,0.4215948249644238,False,0.5,True,1.0,False
c:/school programs/AI/ML_ENV/AI-Lizard-Prediction-Challenge/train/Green_anole/Green_anole_Green_anole_206.jpg,0.8789940044604931,False,0.5068359375,False,0.8342034933366924,False,0.622181090960654,False,1,False,0.7808307369423547,False,0.4295350703599007,False,0.5,True,1.0,False
c:/school programs/AI/ML_ENV/AI-Lizard-Prediction-Challenge/train/Green_anole/Green_anole_Green_anole_21.jpg,0.9285714285714285,False,0.75,False,0.8849627519707559,False,0.8263248866915615,False,1,False,0.7376718991762493,False,0.3576901711811522,False,1.0,False,1.0,False
c:/school programs/AI/ML_ENV/AI-Lizard-Prediction-Challenge/train/Green_anole/Green_anole_Green_anole_212.jpg,0.9265414150995837,False,0.5625,False,0.927960266005523,False,0.9767890836908737,False,1,False,0.9117101526988522,False,0.5757922948233603,False,0.5,True,1.0,False
c:/school programs/AI/ML_ENV/AI-Lizard-Prediction-Challenge/train/Green_anole/Green_anole_Green_anole_213.jpg,0.926461275428192,False,0.7529296875,False,0.944135117000449,False,0.8594712024351552,False,1,False,0.9735936278013265,False,0.473900681345628,False,1.0,False,1.0,False
c:/school programs/AI/ML_ENV/AI-Lizard-Prediction-Challenge/train/Green_anole/Green_anole_Green_anole_22.jpg,0.9285714285714285,False,0.75,False,0.9074428859789361,False,0.8227370728868563,False,1,False,0.855594995847902,False,0.44289274803021605,False,1.0,False,1.0,False
c:/school programs/AI/ML_ENV/AI-Lizard-Prediction-Challenge/train/Green_anole/Green_anole_Green_anole_23.jpg,0.9285714285714285,False,0.75,False,0.927730703441704,False,0.8323558078447133,False,1,False,0.9177188592657649,False,0.5654338479258306,False,1.0,False,1.0,False
c:/school programs/AI/ML_ENV/AI-Lizard-Prediction-Challenge/train/Green_anole/Green_anole_Green_anole_24.jpg,0.8386823479313791,False,0.4619140625,False,0.897121308254762,False,0.7891465867935197,False,1,False,0.996078431372549,False,0.4763622481158827,False,1.0,False,1.0,False
c:/school programs/AI/ML_ENV/AI-Lizard-Prediction-Challenge/train/Green_anole/Green_anole_Green_anole_25.jpg,0.9285714285714285,False,0.75,False,0.906811356419198,False,0.9158044603978994,False,1,False,1.0,False,0.4392344511078887,False,1.0,False,1.0,False
c:/school programs/AI/ML_ENV/AI-Lizard-Prediction-Challenge/train/Green_anole/Green_anole_Green_anole_27.jpg,0.9285714285714285,False,0.75,False,0.9488580916421063,False,0.9235227755519011,False,1,False,0.9612000941089387,False,0.5644496095075415,False,1.0,False,1.0,False
c:/school programs/AI/ML_ENV/AI-Lizard-Prediction-Challenge/train/Green_anole/Green_anole_Green_anole_28.jpg,0.9285714285714285,False,0.75,False,0.8830751149279981,False,0.7958586026512614,False,1,False,0.8847836758315955,False,0.4237160785879325,False,1.0,False,1.0,False
c:/school programs/AI/ML_ENV/AI-Lizard-Prediction-Challenge/train/Green_anole/Green_anole_Green_anole_29.jpg,0.9285714285714285,False,0.75,False,0.9003942786223263,False,0.8065678174986894,False,1,False,0.9541814570508186,False,0.6915223250097554,False,1.0,False,1.0,False
c:/school programs/AI/ML_ENV/AI-Lizard-Prediction-Challenge/train/Green_anole/Green_anole_Green_anole_30.jpg,0.9285714285714285,False,0.75,False,0.9262520402267127,False,0.8425768832800715,False,1,False,0.8884001232165494,False,0.4899339647673562,False,1.0,False,1.0,False
c:/school programs/AI/ML_ENV/AI-Lizard-Prediction-Challenge/train/Green_anole/Green_anole_Green_anole_32.jpg,0.9285714285714285,False,0.75,False,0.8959172568346431,False,0.8101868419035613,False,1,False,0.8161027688562704,False,0.37534283796484125,False,1.0,False,1.0,False
c:/school programs/AI/ML_ENV/AI-Lizard-Prediction-Challenge/train/Green_anole/Green_anole_Green_anole_33.jpg,0.9285714285714285,False,0.75,False,0.9355093697409247,False,0.8931866636978538,False,1,False,0.8944340599405298,False,0.5656189271982929,False,1.0,False,1.0,False
c:/school programs/AI/ML_ENV/AI-Lizard-Prediction-Challenge/train/Green_anole/Green_anole_Green_anole_34.jpg,0.7523256161190519,False,0.610625,False,0.9239512034503055,False,0.860668703071674,False,1,False,0.9026572588055108,False,0.5109911343078153,False,1.0,False,1.0,False
c:/school programs/AI/ML_ENV/AI-Lizard-Prediction-Challenge/train/Green_anole/Green_anole_Green_anole_35.jpg,0.6969872950899332,False,0.6213460231135283,False,0.8833212916126577,False,0.9579590284241443,False,1,False,0.7039419189805096,False,0.5644514787647245,False,1.0,False,1.0,False
c:/school programs/AI/ML_ENV/AI-Lizard-Prediction-Challenge/train/Green_anole/Green_anole_Green_anole_36.jpg,0.8548746321373186,False,0.5797101449275363,False,0.8554825554651025,False,0.7243729458635566,False,1,False,0.9233394084552328,False,0.5029659719907396,False,1.0,False,1.0,False
c:/school programs/AI/ML_ENV/AI-Lizard-Prediction-Challenge/train/Green_anole/Green_anole_Green_anole_37.jpg,0.96218513798208,False,0.7041015625,False,0.8618788934270392,False,0.5661872938095432,False,1,False,0.8850171194993899,False,0.4069688822999744,False,1.0,False,1.0,False
c:/school programs/AI/ML_ENV/AI-Lizard-Prediction-Challenge/train/Green_anole/Green_anole_Green_anole_38.jpg,0.9285714285714285,False,0.75,False,0.8672950818966308,False,0.6679906107876125,False,1,False,0.8588541975924053,False,0.4819718927984038,False,1.0,False,1.0,False
c:/school programs/AI/ML_ENV/AI-Lizard-Prediction-Challenge/train/Green_anole/Green_anole_Green_anole_39.jpg,0.989798604524424,False,0.66748046875,False,0.8782204894044023,False,0.7658426151240055,False,1,False,0.7938122482228912,False,0.44656943148720873,False,1.0,False,1.0,False
c:/school programs/AI/ML_ENV/AI-Lizard-Prediction-Challenge/train/Green_anole/Green_anole_Green_anole_40.jpg,0.9285714285714285,False,0.75,False,0.7765117252744231,False,0.9882352941176471,False,1,False,0.8332489738154348,False,0.7227497385142414,False,1.0,False,1.0,False
c:/school programs/AI/ML_ENV/AI-Lizard-Prediction-Challenge/train/Green_anole/Green_anole_Green_anole_41.jpg,0.9285714285714285,False,0.75,False,0.8754657136974375,False,0.5364768753951483,False,1,False,0.9911772262034574,False,0.4646083318417641,False,1.0,False,1.0,False
c:/school programs/AI/ML_ENV/AI-Lizard-Prediction-Challenge/train/Green_anole/Green_anole_Green_anole_42.jpg,0.9265414150995837,False,0.5625,False,0.907596869994605,False,0.7397092389714599,False,1,False,0.942123445164427,False,0.4734896917484157,False,1.0,False,1.0,False
c:/school programs/AI/ML_ENV/AI-Lizard-Prediction-Challenge/train/Green_anole/Green_anole_Green_anole_44.jpg,0.9285714285714285,False,0.75,False,0.9101454471846684,False,0.8858289323876729,False,1,False,0.8875154595206328,False,0.3502537779315946,False,1.0,False,1.0,False
c:/school programs/AI/ML_ENV/AI-Lizard-Prediction-Challenge/train/Green_anole/Green_anole_Green_anole_45.jpg,0.9285714285714285,False,0.75,False,0.859042990860123,False,0.8256710344340502,False,1,False,0.7387956054004489,False,0.5089594246963584,False,1.0,False,1.0,False
c:/school programs/AI/ML_ENV/AI-Lizard-Prediction-Challenge/train/Green_anole/Green_anole_Green_anole_46.jpg,0.9285714285714285,False,0.75,False,0.9200168814466392,False,0.8519486227636056,False,1,False,1.0,False,0.5253346912578025,False,1.0,False,1.0,False
c:/school programs/AI/ML_ENV/AI-Lizard-Prediction-Challenge/train/Green_anole/Green_anole_Green_anole_47.jpg,0.9285714285714285,False,0.75,False,0.9352777863062022,False,0.8793188625040022,False,1,False,0.9451399632715834,False,0.5305585491773598,False,1.0,False,1.0,False
c:/school programs/AI/ML_ENV/AI-Lizard-Prediction-Challenge/train/Green_anole/Green_anole_Green_anole_49.jpg,0.9285714285714285,False,0.75,False,0.8960302630404972,False,0.8116915174962829,False,1,False,0.9031543679680976,False,0.4665879099342948,False,1.0,False,1.0,False
c:/school programs/AI/ML_ENV/AI-Lizard-Prediction-Challenge/train/Green_anole/Green_anole_Green_anole_53.jpg,0.9285714285714285,False,0.75,False,0.9248343445930605,False,0.8847974887069401,False,1,False,0.9262062949097724,False,0.5810462203361471,False,0.5,True,1.0,False
c:/school programs/AI/ML_ENV/AI-Lizard-Prediction-Challenge/train/Green_anole/Green_anole_Green_anole_54.jpg,0.996162207169423,False,0.75,False,0.8801896024842034,False,0.7753157112657887,False,1,False,0.7387956054004489,False,0.4283016531800724,False,1.0,False,1.0,False
c:/school programs/AI/ML_ENV/AI-Lizard-Prediction-Challenge/train/Green_anole/Green_anole_Green_anole_55.jpg,0.9905452019764944,False,0.66650390625,False,0.8894748195324944,False,0.9040815257100516,False,1,False,0.7923114972348432,False,0.409706429831208,False,1.0,False,1.0,False
c:/school programs/AI/ML_ENV/AI-Lizard-Prediction-Challenge/train/Green_anole/Green_anole_Green_anole_57.jpg,0.954582822474502,False,0.71435546875,False,0.8823455719583233,False,0.85196522536203,False,1,False,1.0,False,0.5170695972473354,False,1.0,False,1.0,False
c:/school programs/AI/ML_ENV/AI-Lizard-Prediction-Challenge/train/Green_anole/Green_anole_Green_anole_58.jpg,0.9285714285714285,False,0.75,False,0.9365565329702067,False,0.8492435579955406,False,1,False,0.9844953507926844,False,0.5842268118701441,False,1.0,False,1.0,False
c:/school programs/AI/ML_ENV/AI-Lizard-Prediction-Challenge/train/Green_anole/Green_anole_Green_anole_60.jpg,0.9265414150995837,False,0.5625,False,0.9087619782257506,False,0.7907817961450334,False,1,False,0.8584275566697406,False,0.4551589564608792,False,1.0,False,1.0,False
c:/school programs/AI/ML_ENV/AI-Lizard-Prediction-Challenge/train/Green_anole/Green_anole_Green_anole_61.jpg,0.9905452019764944,False,0.66650390625,False,0.9090679818283118,False,0.9347254931410834,False,1,False,0.733141392517521,False,0.5175089473843222,False,1.0,False,1.0,False
c:/school programs/AI/ML_ENV/AI-Lizard-Prediction-Challenge/train/Green_anole/Green_anole_Green_anole_62.jpg,0.9905452019764944,False,0.66650390625,False,0.9156962250562954,False,0.9372549019607843,False,1,False,0.7592760164815903,False,0.5517335350101088,False,1.0,False,1.0,False
c:/school programs/AI/ML_ENV/AI-Lizard-Prediction-Challenge/train/Green_anole/Green_anole_Green_anole_63.jpg,0.996162207169423,False,0.75,False,0.822563875829869,False,0.8879940683725939,False,1,False,0.598244670590589,False,0.5824566961245161,False,1.0,False,1.0,False
c:/school programs/AI/ML_ENV/AI-Lizard-Prediction-Challenge/train/Green_anole/Green_anole_Green_anole_66.jpg,0.9265414150995837,False,0.5625,False,0.9320377230294113,False,0.8825632598897598,False,1,False,0.9637657382934625,False,0.609445592102818,False,1.0,False,1.0,False
c:/school programs/AI/ML_ENV/AI-Lizard-Prediction-Challenge/train/Green_anole/Green_anole_Green_anole_67.jpg,0.9265414150995837,False,0.5625,False,0.943001170686899,False,0.8606746082626148,False,1,False,0.9730843561416594,False,0.4823186856201872,False,1.0,False,1.0,False
c:/school programs/AI/ML_ENV/AI-Lizard-Prediction-Challenge/train/Green_anole/Green_anole_Green_anole_68.jpg,0.9285714285714285,False,0.75,False,0.9275159428775757,False,0.8431962365789929,False,1,False,0.953816373701188,False,0.4778858374363407,False,1.0,False,1.0,False
c:/school programs/AI/ML_ENV/AI-Lizard-Prediction-Challenge/train/Green_anole/Green_anole_Green_anole_69.jpg,0.9285714285714285,False,0.75,False,0.8689426288972882,False,0.7288576574294592,False,1,False,0.9847260522215685,False,0.5144043102898895,False,1.0,False,1.0,False
c:/school programs/AI/ML_ENV/AI-Lizard-Prediction-Challenge/train/Green_anole/Green_anole_Green_anole_7.jpg,0.9285714285714285,False,0.75,False,0.9114150643720751,False,0.8577880566478762,False,1,False,0.9358511105074686,False,0.513124773112198,False,0.5,True,1.0,False
c:/school programs/AI/ML_ENV/AI-Lizard-Prediction-Challenge/train/Green_anole/Green_anole_Green_anole_70.jpg,0.9083425739121246,False,0.7783203125,False,0.9137489036144096,False,0.9647058823529412,False,1,False,0.9293393204164592,False,0.4943637463089715,False,1.0,False,1.0,False
c:/school programs/AI/ML_ENV/AI-Lizard-Prediction-Challenge/train/Green_anole/Green_anole_Green_anole_71.jpg,0.9285714285714285,False,0.75,False,0.852548865946333,False,0.9867360513527155,False,1,False,0.9871184476449075,False,0.626371561776635,False,1.0,False,1.0,False
c:/school programs/AI/ML_ENV/AI-Lizard-Prediction-Challenge/train/Green_anole/Green_anole_Green_anole_72.jpg,0.9285714285714285,False,0.75,False,0.705041491766558,False,0.2745490948636372,False,1,False,0.8891211355573169,False,0.759513577611627,False,1.0,False,1.0,False
c:/school programs/AI/ML_ENV/AI-Lizard-Prediction-Challenge/train/Green_anole/Green_anole_Green_anole_73.jpg,0.9265414150995837,False,0.5625,False,0.893637201211533,False,0.6376347298591805,False,1,False,0.9150336507931356,False,0.5893928656017592,False,1.0,False,1.0,False
c:/school programs/AI/ML_ENV/AI-Lizard-Prediction-Challenge/train/Green_anole/Green_anole_Green_anole_74.jpg,0.8196455606261113,False,0.90869140625,False,0.8823798997511997,False,0.8167524789274389,False,1,False,0.8817466849697874,False,0.4121602531545192,False,1.0,False,1.0,False
c:/school programs/AI/ML_ENV/AI-Lizard-Prediction-Challenge/train/Green_anole/Green_anole_Green_anole_75.jpg,0.9285714285714285,False,0.75,False,0.8814908612459198,False,0.8054130450287514,False,1,False,0.9710699062289722,False,0.4643987974337639,False,1.0,False,1.0,False
c:/school programs/AI/ML_ENV/AI-Lizard-Prediction-Challenge/train/Green_anole/Green_anole_Green_anole_76.jpg,0.9760450389231973,False,0.62353515625,False,0.5915692237508282,False,1.0,False,1,False,0.4226042364177341,False,0.7031220365346775,False,1.0,False,1.0,False
c:/school programs/AI/ML_ENV/AI-Lizard-Prediction-Challenge/train/Green_anole/Green_anole_Green_anole_77.jpg,0.9285714285714285,False,0.75,False,0.8622617811834451,False,0.804764281508987,False,1,False,0.9710029060711486,False,0.5799595297700935,False,1.0,False,1.0,False
c:/school programs/AI/ML_ENV/AI-Lizard-Prediction-Challenge/train/Green_anole/Green_anole_Green_anole_78.jpg,0.9281659875282516,False,0.564453125,False,0.9203329213131518,False,0.9836639481583473,False,1,False,0.9581661405733227,False,0.5329908786435811,False,1.0,False,1.0,False
c:/school programs/AI/ML_ENV/AI-Lizard-Prediction-Challenge/train/Green_anole/Green_anole_Green_anole_79.jpg,0.8308924699542342,False,0.8916015625,False,0.9277237219923227,False,0.7941386378581103,False,1,False,0.9555224541176166,False,0.5043992103528586,False,1.0,False,1.0,False
c:/school programs/AI/ML_ENV/AI-Lizard-Prediction-Challenge/train/Green_anole/Green_anole_Green_anole_8.jpg,0.9265414150995837,False,0.5625,False,0.9285534510872693,False,0.8673820807914927,False,1,False,0.9406452095380254,False,0.43002651562675664,False,0.5,True,1.0,False
c:/school programs/AI/ML_ENV/AI-Lizard-Prediction-Challenge/train/Green_anole/Green_anole_Green_anole_80.jpg,0.9285714285714285,False,0.75,False,0.9043537347257742,False,0.8253241151608812,False,1,False,0.8584162612093567,False,0.40707227869403917,False,1.0,False,1.0,False
c:/school programs/AI/ML_ENV/AI-Lizard-Prediction-Challenge/train/Green_anole/Green_anole_Green_anole_81.jpg,0.989798604524424,False,0.66748046875,False,0.875541753683118,False,0.807426661812841,False,1,False,0.8215772286507501,False,0.4040706759824997,False,1.0,False,1.0,False
c:/school programs/AI/ML_ENV/AI-Lizard-Prediction-Challenge/train/Green_anole/Green_anole_Green_anole_82.jpg,0.989798604524424,False,0.66748046875,False,0.9015057481682892,False,0.8926050668572101,False,1,False,0.8352941176470587,False,0.4952175901442786,False,1.0,False,1.0,False
c:/school programs/AI/ML_ENV/AI-Lizard-Prediction-Challenge/train/Green_anole/Green_anole_Green_anole_83.jpg,0.9285714285714285,False,0.75,False,0.9264812516690958,False,0.7809129775315947,False,1,False,0.966008852264215,False,0.5545943214724616,False,1.0,False,1.0,False
c:/school programs/AI/ML_ENV/AI-Lizard-Prediction-Challenge/train/Green_anole/Green_anole_Green_anole_85.jpg,0.9285714285714285,False,0.75,False,0.8889695382884764,False,0.8761290746321794,False,1,False,0.9628685756046702,False,0.4379153402886752,False,1.0,False,1.0,False
c:/school programs/AI/ML_ENV/AI-Lizard-Prediction-Challenge/train/Green_anole/Green_anole_Green_anole_86.jpg,0.7426052851057942,False,0.6655651024454726,False,0.8851906734503109,False,0.8386551616482725,False,1,False,0.9068414496704735,False,0.4207140297288312,False,1.0,False,1.0,False
c:/school programs/AI/ML_ENV/AI-Lizard-Prediction-Challenge/train/Green_anole/Green_anole_Green_anole_87.jpg,0.8936967512005409,False,0.5309734513274337,False,0.9164812054141663,False,0.742387772074127,False,1,False,0.9091933853965374,False,0.542293894902437,False,1.0,False,1.0,False
c:/school programs/AI/ML_ENV/AI-Lizard-Prediction-Challenge/train/Green_anole/Green_anole_Green_anole_88.jpg,0.9004229000976468,False,0.78955078125,False,0.8893833398507551,False,0.831036495367397,False,1,False,0.8741710413938955,False,0.49732419599348365,False,1.0,False,1.0,False
c:/school programs/AI/ML_ENV/AI-Lizard-Prediction-Challenge/train/Green_anole/Green_anole_Green_anole_89.jpg,0.9285714285714285,False,0.75,False,0.8589809798221524,False,0.9882352941176471,False,1,False,0.922073520434101,False,0.587854498939953,False,1.0,False,1.0,False
c:/school programs/AI/ML_ENV/AI-Lizard-Prediction-Challenge/train/Green_anole/Green_anole_Green_anole_9.jpg,0.9285714285714285,False,0.75,False,0.7954755915295479,False,0.7617503272312962,False,1,False,0.8697905990952707,False,0.7757053228112234,False,0.5,True,1.0,False
c:/school programs/AI/ML_ENV/AI-Lizard-Prediction-Challenge/train/Green_anole/Green_anole_Green_anole_90.jpg,0.9285714285714285,False,0.75,False,0.890690269360443,False,0.9924282237577116,False,1,False,0.9494019971798747,False,0.6258209890470909,False,1.0,False,1.0,False
c:/school programs/AI/ML_ENV/AI-Lizard-Prediction-Challenge/train/Green_anole/Green_anole_Green_anole_91.jpg,0.7524845849192842,False,0.75,False,0.9070765194764413,False,0.8638188780986066,False,1,False,0.8771388249656987,False,0.5282246423536745,False,1.0,False,1.0,False
c:/school programs/AI/ML_ENV/AI-Lizard-Prediction-Challenge/train/Green_anole/Green_anole_Green_anole_92.jpg,0.9265414150995837,False,0.5625,False,0.9286082394013002,False,0.8724767625641479,False,1,False,0.9238604044470335,False,0.5431198769655496,False,1.0,False,1.0,False
c:/school programs/AI/ML_ENV/AI-Lizard-Prediction-Challenge/train/Green_anole/Green_anole_Green_anole_93.jpg,0.9265414150995837,False,0.5625,False,0.9213051308680499,False,0.8805698523438671,False,1,False,0.9586835135748958,False,0.5358467722177811,False,1.0,False,1.0,False
c:/school programs/AI/ML_ENV/AI-Lizard-Prediction-Challenge/train/Green_anole/Green_anole_Green_anole_94.jpg,0.3799324081472566,True,0.7612551159618008,False,0.9056076264935481,False,0.9930598206099988,False,1,False,0.9177188592657649,False,0.4600222987115158,False,1.0,False,1.0,False
c:/school programs/AI/ML_ENV/AI-Lizard-Prediction-Challenge/train/Green_anole/Green_anole_Green_anole_95.jpg,0.9285714285714285,False,0.75,False,0.9431959471529799,False,0.884711484729953,False,1,False,0.9417118738574398,False,0.5211379135699035,False,1.0,False,1.0,False
c:/school programs/AI/ML_ENV/AI-Lizard-Prediction-Challenge/train/Green_anole/Green_anole_Green_anole_96.jpg,0.9285714285714285,False,0.75,False,0.9425064321043832,False,0.892578721723635,False,1,False,0.9917476952153775,False,0.5799968704858998,False,1.0,False,1.0,False
c:/school programs/AI/ML_ENV/AI-Lizard-Prediction-Challenge/train/Green_anole/Green_anole_Green_anole_97.jpg,0.9285714285714285,False,0.75,False,0.9110842850210941,False,0.8959404541566578,False,1,False,0.8340841369781776,False,0.45878627759857604,False,1.0,False,1.0,False
c:/school programs/AI/ML_ENV/AI-Lizard-Prediction-Challenge/train/Green_anole/Green_anole_Green_anole_98.jpg,0.9285714285714285,False,0.75,False,0.9425101460386941,False,0.9588405263838528,False,1,False,0.9753749345640262,False,0.5784028069100486,False,1.0,False,1.0,False
c:/school programs/AI/ML_ENV/AI-Lizard-Prediction-Challenge/train/Green_anole/Green_anole_Green_anole_99.jpg,0.9265414150995837,False,0.5625,False,0.903738259177524,False,0.8784910329821541,False,1,False,0.8554892837716976,False,0.5293453221497249,False,1.0,False,1.0,False
c:/school programs/AI/ML_ENV/AI-Lizard-Prediction-Challenge/train/Green_iguana/Green_iguana_Green_iguana_1.jpg,0.9905452019764944,False,0.66650390625,False,0.7478938811498567,False,0.9114130753770716,False,1,False,0.9926921597113206,False,0.6461427767018926,False,1.0,False,1.0,False
c:/school programs/AI/ML_ENV/AI-Lizard-Prediction-Challenge/train/Green_iguana/Green_iguana_Green_iguana_10.jpg,0.7612701511541071,False,1.0,False,0.9267955851088726,False,0.9034906024181735,False,1,False,0.9352385563305292,False,0.5072760417705192,False,1.0,False,1.0,False
c:/school programs/AI/ML_ENV/AI-Lizard-Prediction-Challenge/train/Green_iguana/Green_iguana_Green_iguana_101.jpg,0.9285714285714285,False,0.75,False,0.9270173818506251,False,0.8248689182089481,False,1,False,0.9807038484918631,False,0.5357676633033857,False,1.0,False,1.0,False
c:/school programs/AI/ML_ENV/AI-Lizard-Prediction-Challenge/train/Green_iguana/Green_iguana_Green_iguana_102.jpg,0.9285714285714285,False,0.75,False,0.9184489131162646,False,0.9536152857643263,False,1,False,0.9614736862575224,False,0.41250268635120646,False,1.0,False,1.0,False
c:/school programs/AI/ML_ENV/AI-Lizard-Prediction-Challenge/train/Green_iguana/Green_iguana_Green_iguana_103.jpg,0.9285714285714285,False,0.75,False,0.8766257373901954,False,0.9850295690648633,False,1,False,0.9380213313099841,False,0.5932143016700673,False,1.0,False,1.0,False
c:/school programs/AI/ML_ENV/AI-Lizard-Prediction-Challenge/train/Green_iguana/Green_iguana_Green_iguana_105.jpg,0.9000798483083278,False,0.7900390625,False,0.9020167346941431,False,0.9163475085187146,False,1,False,0.9245668125396201,False,0.4647384937175456,False,1.0,False,1.0,False
c:/school programs/AI/ML_ENV/AI-Lizard-Prediction-Challenge/train/Green_iguana/Green_iguana_Green_iguana_106.jpg,0.9285714285714285,False,0.75,False,0.8890637795363306,False,0.8377260777690487,False,1,False,0.9612599142986095,False,0.5107079498405781,False,1.0,False,1.0,False
c:/school programs/AI/ML_ENV/AI-Lizard-Prediction-Challenge/train/Green_iguana/Green_iguana_Green_iguana_107.jpg,0.8395562711920475,False,0.6717647058823529,False,0.8915872808773524,False,0.81965900128647,False,1,False,0.8822380272882677,False,0.4567190369602119,False,1.0,False,1.0,False
c:/school programs/AI/ML_ENV/AI-Lizard-Prediction-Challenge/train/Green_iguana/Green_iguana_Green_iguana_108.jpg,0.9285714285714285,False,0.75,False,0.9006062790309484,False,0.8342026825289854,False,1,False,0.9545972296308615,False,0.5042475728848415,False,1.0,False,1.0,False
c:/school programs/AI/ML_ENV/AI-Lizard-Prediction-Challenge/train/Green_iguana/Green_iguana_Green_iguana_109.jpg,0.9285714285714285,False,0.75,False,0.9031064241476694,False,0.8407871631666164,False,1,False,0.9819249899508834,False,0.592005582099919,False,1.0,False,1.0,False
c:/school programs/AI/ML_ENV/AI-Lizard-Prediction-Challenge/train/Green_iguana/Green_iguana_Green_iguana_11.jpg,0.9265414150995837,False,0.5625,False,0.8772880404069325,False,0.7215238920224203,False,1,False,0.8028638666110643,False,0.4860250038427947,False,1.0,False,1.0,False
c:/school programs/AI/ML_ENV/AI-Lizard-Prediction-Challenge/train/Green_iguana/Green_iguana_Green_iguana_110.jpg,0.9285714285714285,False,0.75,False,0.9476313562523583,False,0.8974251522796549,False,1,False,0.9878620910619681,False,0.6037266411572914,False,1.0,False,1.0,False
c:/school programs/AI/ML_ENV/AI-Lizard-Prediction-Challenge/train/Green_iguana/Green_iguana_Green_iguana_111.jpg,0.9269478222791533,False,0.56298828125,False,0.9080439866965855,False,0.8949449165923489,False,1,False,0.9372972096448366,False,0.5021934284227854,False,1.0,False,1.0,False
c:/school programs/AI/ML_ENV/AI-Lizard-Prediction-Challenge/train/Green_iguana/Green_iguana_Green_iguana_115.jpg,0.9265414150995837,False,0.5625,False,0.9360710032049886,False,0.8729959571008629,False,1,False,0.9938824643493699,False,0.5150409962708272,False,1.0,False,1.0,False
c:/school programs/AI/ML_ENV/AI-Lizard-Prediction-Challenge/train/Green_iguana/Green_iguana_Green_iguana_116.jpg,0.9265414150995837,False,0.5625,False,0.9402422537274069,False,0.8263703623879677,False,1,False,0.9910374837096966,False,0.5235436124355002,False,1.0,False,1.0,False
c:/school programs/AI/ML_ENV/AI-Lizard-Prediction-Challenge/train/Green_iguana/Green_iguana_Green_iguana_117.jpg,0.827847355964463,False,0.4501953125,False,0.8841947577378865,False,0.9321485894197921,False,1,False,0.7208917968037657,False,0.5068560397233164,False,1.0,False,1.0,False
c:/school programs/AI/ML_ENV/AI-Lizard-Prediction-Challenge/train/Green_iguana/Green_iguana_Green_iguana_118.jpg,0.9285714285714285,False,0.75,False,0.9378881530842492,False,0.8648146501434417,False,1,False,0.9846538276587121,False,0.5599809837893177,False,1.0,False,1.0,False
c:/school programs/AI/ML_ENV/AI-Lizard-Prediction-Challenge/train/Green_iguana/Green_iguana_Green_iguana_119.jpg,0.9285714285714285,False,0.75,False,0.9411130762886062,False,0.9110617976082542,False,1,False,0.9134231680282755,False,0.521286820510181,False,1.0,False,1.0,False
c:/school programs/AI/ML_ENV/AI-Lizard-Prediction-Challenge/train/Green_iguana/Green_iguana_Green_iguana_12.jpg,0.9886797316439143,False,0.6689453125,False,0.9039136247987685,False,0.6357228748413108,False,1,False,0.9572570145609706,False,0.48114267733238736,False,1.0,False,1.0,False
c:/school programs/AI/ML_ENV/AI-Lizard-Prediction-Challenge/train/Green_iguana/Green_iguana_Green_iguana_120.jpg,0.9285714285714285,False,0.75,False,0.925883540795204,False,0.8891138070393261,False,1,False,0.8797341529864552,False,0.4917249479214997,False,1.0,False,1.0,False
c:/school programs/AI/ML_ENV/AI-Lizard-Prediction-Challenge/train/Green_iguana/Green_iguana_Green_iguana_121.jpg,0.7621851008934946,False,0.99853515625,False,0.8290835348108904,False,0.7059691892895256,False,1,False,0.8340097646800662,False,0.6851588471425898,False,1.0,False,1.0,False
c:/school programs/AI/ML_ENV/AI-Lizard-Prediction-Challenge/train/Green_iguana/Green_iguana_Green_iguana_122.jpg,0.9269478222791533,False,0.56298828125,False,0.8809765358399908,False,0.9361437841598601,False,1,False,0.6581812111631427,False,0.4645936723376104,False,1.0,False,1.0,False
c:/school programs/AI/ML_ENV/AI-Lizard-Prediction-Challenge/train/Green_iguana/Green_iguana_Green_iguana_123.jpg,0.926461275428192,False,0.7529296875,False,0.915421966012144,False,0.763455446809733,False,1,False,0.9519698430537671,False,0.6514860563289101,False,1.0,False,1.0,False
c:/school programs/AI/ML_ENV/AI-Lizard-Prediction-Challenge/train/Green_iguana/Green_iguana_Green_iguana_124.jpg,0.926461275428192,False,0.7529296875,False,0.9042842108065678,False,0.8156924489978737,False,1,False,0.8454941976696022,False,0.4492708361907427,False,1.0,False,1.0,False
c:/school programs/AI/ML_ENV/AI-Lizard-Prediction-Challenge/train/Green_iguana/Green_iguana_Green_iguana_125.jpg,0.45131834774415014,True,0.7494279176201373,False,0.9202439844815189,False,0.9646008099976026,False,1,False,0.9823289731333041,False,0.5062568153478268,False,1.0,False,1.0,False
c:/school programs/AI/ML_ENV/AI-Lizard-Prediction-Challenge/train/Green_iguana/Green_iguana_Green_iguana_126.jpg,0.9905452019764944,False,0.66650390625,False,0.9017843959257962,False,0.8699767861497564,False,1,False,0.8988379494426413,False,0.5166043809689738,False,1.0,False,1.0,False
c:/school programs/AI/ML_ENV/AI-Lizard-Prediction-Challenge/train/Green_iguana/Green_iguana_Green_iguana_127.jpg,0.9285714285714285,False,0.75,False,0.8640178162916361,False,0.8726447418285006,False,1,False,0.9831186871081113,False,0.5994758031575939,False,1.0,False,1.0,False
c:/school programs/AI/ML_ENV/AI-Lizard-Prediction-Challenge/train/Green_iguana/Green_iguana_Green_iguana_128.jpg,0.9285714285714285,False,0.75,False,0.9243826527990668,False,0.9060062089463774,False,1,False,0.9785255328184068,False,0.5912414933121154,False,1.0,False,1.0,False
c:/school programs/AI/ML_ENV/AI-Lizard-Prediction-Challenge/train/Green_iguana/Green_iguana_Green_iguana_13.jpg,0.901109322053869,False,0.78857421875,False,0.854473853529909,False,0.7875517567609388,False,1,False,0.8483711693046524,False,0.6898527806342203,False,1.0,False,1.0,False
c:/school programs/AI/ML_ENV/AI-Lizard-Prediction-Challenge/train/Green_iguana/Green_iguana_Green_iguana_130.jpg,0.9285714285714285,False,0.75,False,0.9385811825572445,False,0.902189050050483,False,1,False,0.982121142077831,False,0.48862358642049075,False,1.0,False,1.0,False
c:/school programs/AI/ML_ENV/AI-Lizard-Prediction-Challenge/train/Green_iguana/Green_iguana_Green_iguana_131.jpg,0.9285714285714285,False,0.75,False,0.9277602701108615,False,0.8743043960514927,False,1,False,0.9585462929722577,False,0.5621493826536252,False,1.0,False,1.0,False
c:/school programs/AI/ML_ENV/AI-Lizard-Prediction-Challenge/train/Green_iguana/Green_iguana_Green_iguana_132.jpg,0.99129234658705,False,0.66552734375,False,0.9314519127165397,False,0.8216590619176898,False,1,False,0.9116199168190948,False,0.5271738778482358,False,1.0,False,1.0,False
c:/school programs/AI/ML_ENV/AI-Lizard-Prediction-Challenge/train/Green_iguana/Green_iguana_Green_iguana_134.jpg,0.9265414150995837,False,0.5625,False,0.9078419279940966,False,0.715960510892325,False,1,False,0.956904105502755,False,0.5137948914638778,False,1.0,False,1.0,False
c:/school programs/AI/ML_ENV/AI-Lizard-Prediction-Challenge/train/Green_iguana/Green_iguana_Green_iguana_135.jpg,0.9134419545626931,False,0.546875,False,0.9075924083553031,False,0.914873592873237,False,1,False,0.8547586136341062,False,0.4615621191528204,False,1.0,False,1.0,False
c:/school programs/AI/ML_ENV/AI-Lizard-Prediction-Challenge/train/Green_iguana/Green_iguana_Green_iguana_136.jpg,0.9285714285714285,False,0.75,False,0.9124248530805943,False,0.9402221207457531,False,1,False,0.9804982844519152,False,0.6025873570122973,False,1.0,False,1.0,False
c:/school programs/AI/ML_ENV/AI-Lizard-Prediction-Challenge/train/Green_iguana/Green_iguana_Green_iguana_137.jpg,0.9285714285714285,False,0.75,False,0.9199501774191803,False,0.9172509990698352,False,1,False,0.9721632378438274,False,0.6112020416360859,False,1.0,False,1.0,False
c:/school programs/AI/ML_ENV/AI-Lizard-Prediction-Challenge/train/Green_iguana/Green_iguana_Green_iguana_138.jpg,0.9285714285714285,False,0.75,False,0.8836629180818459,False,0.8234163325258868,False,1,False,0.8786574299233516,False,0.49404336909157964,False,1.0,False,1.0,False
c:/school programs/AI/ML_ENV/AI-Lizard-Prediction-Challenge/train/Green_iguana/Green_iguana_Green_iguana_139.jpg,0.9285714285714285,False,0.75,False,0.9055914087933332,False,0.9235792017294735,False,1,False,0.9879573294108606,False,0.5410922864783656,False,1.0,False,1.0,False
c:/school programs/AI/ML_ENV/AI-Lizard-Prediction-Challenge/train/Green_iguana/Green_iguana_Green_iguana_14.jpg,0.7952688439480985,False,0.9462890625,False,0.9145114980564909,False,0.8095566192370233,False,1,False,0.980909455681848,False,0.5285117611685992,False,1.0,False,1.0,False
c:/school programs/AI/ML_ENV/AI-Lizard-Prediction-Challenge/train/Green_iguana/Green_iguana_Green_iguana_140.jpg,0.9901718349307735,False,0.6669921875,False,0.9164065255372145,False,0.8282927842651642,False,1,False,0.8535750593864895,False,0.5506061594454243,False,1.0,False,1.0,False
c:/school programs/AI/ML_ENV/AI-Lizard-Prediction-Challenge/train/Green_iguana/Green_iguana_Green_iguana_141.jpg,0.5373406395144384,False,0.8222222222222222,False,0.9286930187156124,False,0.7608793824397261,False,1,False,0.9934608187081879,False,0.5248289574963856,False,1.0,False,1.0,False
c:/school programs/AI/ML_ENV/AI-Lizard-Prediction-Challenge/train/Green_iguana/Green_iguana_Green_iguana_142.jpg,0.388134113567434,True,0.66625,False,0.8823161928381623,False,0.7296767424158133,False,1,False,0.856899069180399,False,0.4646524928936743,False,1.0,False,1.0,False
c:/school programs/AI/ML_ENV/AI-Lizard-Prediction-Challenge/train/Green_iguana/Green_iguana_Green_iguana_144.jpg,0.9285714285714285,False,0.75,False,0.9070215673053235,False,0.8422498142401524,False,1,False,0.851409813040939,False,0.5277006160969819,False,1.0,False,1.0,False
c:/school programs/AI/ML_ENV/AI-Lizard-Prediction-Challenge/train/Green_iguana/Green_iguana_Green_iguana_145.jpg,0.9265414150995837,False,0.5625,False,0.9300084323463994,False,0.8256533920160933,False,1,False,0.9847596833679413,False,0.5293537615489241,False,1.0,False,1.0,False
c:/school programs/AI/ML_ENV/AI-Lizard-Prediction-Challenge/train/Green_iguana/Green_iguana_Green_iguana_146.jpg,0.9285714285714285,False,0.75,False,0.8783061545581335,False,0.9723939951592416,False,1,False,0.9898908867671876,False,0.586403230768568,False,1.0,False,1.0,False
c:/school programs/AI/ML_ENV/AI-Lizard-Prediction-Challenge/train/Green_iguana/Green_iguana_Green_iguana_148.jpg,0.9285714285714285,False,0.75,False,0.9063802873081747,False,0.7633408224457672,False,1,False,0.895122148162316,False,0.5355369604231539,False,1.0,False,1.0,False
c:/school programs/AI/ML_ENV/AI-Lizard-Prediction-Challenge/train/Green_iguana/Green_iguana_Green_iguana_149.jpg,0.9265414150995837,False,0.5625,False,0.9206483306184051,False,0.7752014016005253,False,1,False,0.9736536421338164,False,0.4479570730522433,False,1.0,False,1.0,False
c:/school programs/AI/ML_ENV/AI-Lizard-Prediction-Challenge/train/Green_iguana/Green_iguana_Green_iguana_153.jpg,0.9265414150995837,False,0.5625,False,0.9397906226949728,False,0.8711113961476855,False,1,False,0.9606878142815359,False,0.4773348516134822,False,1.0,False,1.0,False
c:/school programs/AI/ML_ENV/AI-Lizard-Prediction-Challenge/train/Green_iguana/Green_iguana_Green_iguana_154.jpg,0.9265414150995837,False,0.5625,False,0.9437708996714321,False,0.880577256694513,False,1,False,0.9832522672975197,False,0.4964803279925494,False,1.0,False,1.0,False
c:/school programs/AI/ML_ENV/AI-Lizard-Prediction-Challenge/train/Green_iguana/Green_iguana_Green_iguana_156.jpg,0.7955018191940364,False,0.6683168316831684,False,0.9324196993095614,False,0.8615158685217679,False,1,False,0.9194178657398383,False,0.5518488037856344,False,1.0,False,1.0,False
c:/school programs/AI/ML_ENV/AI-Lizard-Prediction-Challenge/train/Green_iguana/Green_iguana_Green_iguana_158.jpg,0.8386823479313791,False,0.4619140625,False,0.7338986994261636,False,0.8804570410641351,False,1,False,0.7536282812587094,False,0.6894486209619645,False,1.0,False,1.0,False
c:/school programs/AI/ML_ENV/AI-Lizard-Prediction-Challenge/train/Green_iguana/Green_iguana_Green_iguana_159.jpg,0.9905452019764944,False,0.66650390625,False,0.8337332913133926,False,0.9167651331450491,False,1,False,0.5893550257741328,False,0.44534704361036803,False,1.0,False,1.0,False
c:/school programs/AI/ML_ENV/AI-Lizard-Prediction-Challenge/train/Green_iguana/Green_iguana_Green_iguana_16.jpg,0.7398113139321603,False,0.75,False,0.938008650628132,False,0.84255070447511,False,1,False,0.975637789602958,False,0.4833942818490321,False,1.0,False,1.0,False
c:/school programs/AI/ML_ENV/AI-Lizard-Prediction-Challenge/train/Green_iguana/Green_iguana_Green_iguana_161.jpg,0.529521184260207,False,0.7183908045977011,False,0.9366588941045315,False,0.8493311592362717,False,1,False,0.9916971111800984,False,0.5595463225726889,False,1.0,False,1.0,False
c:/school programs/AI/ML_ENV/AI-Lizard-Prediction-Challenge/train/Green_iguana/Green_iguana_Green_iguana_162.jpg,0.9285714285714285,False,0.75,False,0.9430357905097714,False,0.9410803399871944,False,1,False,0.9755106392576571,False,0.4871420919653662,False,1.0,False,1.0,False
c:/school programs/AI/ML_ENV/AI-Lizard-Prediction-Challenge/train/Green_iguana/Green_iguana_Green_iguana_164.jpg,0.9285714285714285,False,0.75,False,0.9008955807139,False,0.7569422963790202,False,1,False,0.9402864173818543,False,0.4541949051223195,False,1.0,False,1.0,False
c:/school programs/AI/ML_ENV/AI-Lizard-Prediction-Challenge/train/Green_iguana/Green_iguana_Green_iguana_165.jpg,0.9285714285714285,False,0.75,False,0.9190387062808819,False,0.8556357718375722,False,1,False,0.9172395022556921,False,0.49767536936333845,False,1.0,False,1.0,False
c:/school programs/AI/ML_ENV/AI-Lizard-Prediction-Challenge/train/Green_iguana/Green_iguana_Green_iguana_167.jpg,0.9285714285714285,False,0.75,False,0.9340198379858233,False,0.8503522012596909,False,1,False,0.9779679911798725,False,0.45193157277636353,False,1.0,False,1.0,False
c:/school programs/AI/ML_ENV/AI-Lizard-Prediction-Challenge/train/Green_iguana/Green_iguana_Green_iguana_168.jpg,0.9285714285714285,False,0.75,False,0.8872501089019766,False,0.7945861539833973,False,1,False,0.9261837215389985,False,0.5288840804147676,False,1.0,False,1.0,False
c:/school programs/AI/ML_ENV/AI-Lizard-Prediction-Challenge/train/Green_iguana/Green_iguana_Green_iguana_169.jpg,0.9285714285714285,False,0.75,False,0.9183817192447807,False,0.8845245523582012,False,1,False,0.9497006711904912,False,0.607231653394774,False,1.0,False,1.0,False
c:/school programs/AI/ML_ENV/AI-Lizard-Prediction-Challenge/train/Green_iguana/Green_iguana_Green_iguana_17.jpg,0.9285714285714285,False,0.75,False,0.8694698088828151,False,0.9864039719032472,False,1,False,0.9583172808444448,False,0.532707657166479,False,1.0,False,1.0,False
c:/school programs/AI/ML_ENV/AI-Lizard-Prediction-Challenge/train/Green_iguana/Green_iguana_Green_iguana_170.jpg,0.9285714285714285,False,0.75,False,0.9044778635446704,False,0.8300221874849402,False,1,False,0.9503234359067052,False,0.5338763107175739,False,1.0,False,1.0,False
c:/school programs/AI/ML_ENV/AI-Lizard-Prediction-Challenge/train/Green_iguana/Green_iguana_Green_iguana_171.jpg,0.9905452019764944,False,0.66650390625,False,0.8794071299436098,False,0.9519240636542864,False,1,False,0.9850781189443374,False,0.5878916531832399,False,1.0,False,1.0,False
c:/school programs/AI/ML_ENV/AI-Lizard-Prediction-Challenge/train/Green_iguana/Green_iguana_Green_iguana_172.jpg,0.8348608463355903,False,0.75,False,0.9245038987754406,False,0.8670088011283588,False,1,False,0.9661487376766116,False,0.5066478593900102,False,1.0,False,1.0,False
c:/school programs/AI/ML_ENV/AI-Lizard-Prediction-Challenge/train/Green_iguana/Green_iguana_Green_iguana_173.jpg,0.9285714285714285,False,0.75,False,0.9140177939479556,False,0.9234577510226655,False,1,False,0.9921568627450981,False,0.5958829253916031,False,1.0,False,1.0,False
c:/school programs/AI/ML_ENV/AI-Lizard-Prediction-Challenge/train/Green_iguana/Green_iguana_Green_iguana_174.jpg,0.9905452019764944,False,0.66650390625,False,0.9363439550818202,False,0.9001940367711428,False,1,False,0.9826831349885119,False,0.5242806160437854,False,1.0,False,1.0,False
c:/school programs/AI/ML_ENV/AI-Lizard-Prediction-Challenge/train/Green_iguana/Green_iguana_Green_iguana_175.jpg,0.989798604524424,False,0.66748046875,False,0.8353806925393225,False,0.6923136905029684,False,1,False,0.775501623574116,False,0.4463958978322361,False,1.0,False,1.0,False
c:/school programs/AI/ML_ENV/AI-Lizard-Prediction-Challenge/train/Green_iguana/Green_iguana_Green_iguana_177.jpg,0.9808816808770318,False,0.67919921875,False,0.917962244696753,False,0.9233789313674065,False,1,False,0.9195652483968758,False,0.5967550462948117,False,1.0,False,1.0,False
c:/school programs/AI/ML_ENV/AI-Lizard-Prediction-Challenge/train/Green_iguana/Green_iguana_Green_iguana_178.jpg,0.49606466920116055,True,0.7714285714285715,False,0.9334267886292171,False,0.8952825151467677,False,1,False,0.9203666755038079,False,0.5158590534920015,False,1.0,False,1.0,False
c:/school programs/AI/ML_ENV/AI-Lizard-Prediction-Challenge/train/Green_iguana/Green_iguana_Green_iguana_18.jpg,0.9285714285714285,False,0.75,False,0.9043023103755591,False,0.8948794288127396,False,1,False,0.9883366894761653,False,0.5817786862835601,False,1.0,False,1.0,False
c:/school programs/AI/ML_ENV/AI-Lizard-Prediction-Challenge/train/Green_iguana/Green_iguana_Green_iguana_180.jpg,0.8849285171347002,False,0.7724550898203593,False,0.9258073097600786,False,0.8470957812375988,False,1,False,0.9344954783999638,False,0.49551746296440735,False,1.0,False,1.0,False
c:/school programs/AI/ML_ENV/AI-Lizard-Prediction-Challenge/train/Green_iguana/Green_iguana_Green_iguana_181.jpg,0.9265414150995837,False,0.5625,False,0.9214580102707643,False,0.7671259421975354,False,1,False,0.9818992886212934,False,0.5350961294001457,False,1.0,False,1.0,False
c:/school programs/AI/ML_ENV/AI-Lizard-Prediction-Challenge/train/Green_iguana/Green_iguana_Green_iguana_182.jpg,0.2626614887223505,True,0.8,False,0.9052953418113288,False,0.8996531965189816,False,1,False,0.940269496814986,False,0.7230634804543751,False,1.0,False,1.0,False
c:/school programs/AI/ML_ENV/AI-Lizard-Prediction-Challenge/train/Green_iguana/Green_iguana_Green_iguana_183.jpg,0.9285714285714285,False,0.75,False,0.8807816000333104,False,0.8635821602955853,False,1,False,0.9104982053414641,False,0.5636129877174515,False,1.0,False,1.0,False
c:/school programs/AI/ML_ENV/AI-Lizard-Prediction-Challenge/train/Green_iguana/Green_iguana_Green_iguana_184.jpg,0.9905452019764944,False,0.66650390625,False,0.887503421734629,False,0.9558173028591102,False,1,False,0.866133950375062,False,0.5160713738318707,False,1.0,False,1.0,False
c:/school programs/AI/ML_ENV/AI-Lizard-Prediction-Challenge/train/Green_iguana/Green_iguana_Green_iguana_185.jpg,0.9905452019764944,False,0.66650390625,False,0.912801687483071,False,0.847400532561498,False,1,False,0.8689087580607522,False,0.579198490893719,False,1.0,False,1.0,False
c:/school programs/AI/ML_ENV/AI-Lizard-Prediction-Challenge/train/Green_iguana/Green_iguana_Green_iguana_187.jpg,0.9265414150995837,False,0.5625,False,0.9119380749478426,False,0.8206246902996296,False,1,False,0.9281105145718082,False,0.49805069848166894,False,1.0,False,1.0,False
c:/school programs/AI/ML_ENV/AI-Lizard-Prediction-Challenge/train/Green_iguana/Green_iguana_Green_iguana_188.jpg,0.9285714285714285,False,0.75,False,0.882991242150927,False,0.8925774332687155,False,1,False,0.9977339261108504,False,0.5837156674776286,False,1.0,False,1.0,False
c:/school programs/AI/ML_ENV/AI-Lizard-Prediction-Challenge/train/Green_iguana/Green_iguana_Green_iguana_190.jpg,0.9285714285714285,False,0.75,False,0.9321443475669163,False,0.8432873757559318,False,1,False,0.9858771662864487,False,0.48200619191042837,False,1.0,False,1.0,False
c:/school programs/AI/ML_ENV/AI-Lizard-Prediction-Challenge/train/Green_iguana/Green_iguana_Green_iguana_191.jpg,0.9406368114506999,False,0.9164847161572053,False,0.8903506332062978,False,0.8696789520151629,False,1,False,0.8759713101781852,False,0.622711066565601,False,1.0,False,1.0,False
c:/school programs/AI/ML_ENV/AI-Lizard-Prediction-Challenge/train/Green_iguana/Green_iguana_Green_iguana_192.jpg,0.9285714285714285,False,0.75,False,0.9468107333248139,False,0.9220856255232956,False,1,False,0.9827849623387378,False,0.562930529336675,False,1.0,False,1.0,False
c:/school programs/AI/ML_ENV/AI-Lizard-Prediction-Challenge/train/Green_iguana/Green_iguana_Green_iguana_193.jpg,0.9285714285714285,False,0.75,False,0.8891168644937713,False,0.8503275394601265,False,1,False,0.8011376237497375,False,0.43485276660993877,False,1.0,False,1.0,False
c:/school programs/AI/ML_ENV/AI-Lizard-Prediction-Challenge/train/Green_iguana/Green_iguana_Green_iguana_194.jpg,0.9995915503146803,False,0.8041125541125541,False,0.9395150542178934,False,0.8479387808181029,False,1,False,0.9423654254882812,False,0.5072918231832142,False,1.0,False,1.0,False
c:/school programs/AI/ML_ENV/AI-Lizard-Prediction-Challenge/train/Green_iguana/Green_iguana_Green_iguana_195.jpg,0.388134113567434,True,0.66625,False,0.8138489344090465,False,0.816039706830234,False,1,False,0.7611188613528567,False,0.6478063775518329,False,1.0,False,1.0,False
c:/school programs/AI/ML_ENV/AI-Lizard-Prediction-Challenge/train/Green_iguana/Green_iguana_Green_iguana_197.jpg,0.9265414150995837,False,0.5625,False,0.8733028307561785,False,0.7524363700681138,False,1,False,0.9663837473267389,False,0.4640409334519523,False,1.0,False,1.0,False
c:/school programs/AI/ML_ENV/AI-Lizard-Prediction-Challenge/train/Green_iguana/Green_iguana_Green_iguana_198.jpg,0.8373355506256971,False,0.46044921875,False,0.8795766247229558,False,0.7784145069754018,False,1,False,0.9939272122971919,False,0.5540150985930872,False,1.0,False,1.0,False
c:/school programs/AI/ML_ENV/AI-Lizard-Prediction-Challenge/train/Green_iguana/Green_iguana_Green_iguana_199.jpg,0.9285714285714285,False,0.75,False,0.9064734593816228,False,0.8328995080963076,False,1,False,0.9744152948110026,False,0.4858827980519247,False,1.0,False,1.0,False
c:/school programs/AI/ML_ENV/AI-Lizard-Prediction-Challenge/train/Green_iguana/Green_iguana_Green_iguana_2.jpg,0.9905452019764944,False,0.66650390625,False,0.8443393729219354,False,0.97326968380431,False,1,False,0.9530734597122318,False,0.5647875612889903,False,1.0,False,1.0,False
c:/school programs/AI/ML_ENV/AI-Lizard-Prediction-Challenge/train/Green_iguana/Green_iguana_Green_iguana_20.jpg,0.9717888847915209,False,0.6181640625,False,0.9227968038665257,False,0.9248547222753059,False,1,False,0.859374779421386,False,0.4831293990393646,False,1.0,False,1.0,False
c:/school programs/AI/ML_ENV/AI-Lizard-Prediction-Challenge/train/Green_iguana/Green_iguana_Green_iguana_200.jpg,0.9905452019764944,False,0.66650390625,False,0.828252198066711,False,0.8166637097858246,False,1,False,0.6361982068511473,False,0.5640589557093375,False,1.0,False,1.0,False
c:/school programs/AI/ML_ENV/AI-Lizard-Prediction-Challenge/train/Green_iguana/Green_iguana_Green_iguana_202.jpg,0.8386823479313791,False,0.4619140625,False,0.9174999372519151,False,0.8730460975443762,False,1,False,0.8932814803591494,False,0.5374503337654342,False,1.0,False,1.0,False
c:/school programs/AI/ML_ENV/AI-Lizard-Prediction-Challenge/train/Green_iguana/Green_iguana_Green_iguana_204.jpg,0.9265414150995837,False,0.5625,False,0.8546278982139397,False,0.9374930991891203,False,1,False,0.7138178091532296,False,0.4514282273982131,False,1.0,False,1.0,False
c:/school programs/AI/ML_ENV/AI-Lizard-Prediction-Challenge/train/Green_iguana/Green_iguana_Green_iguana_205.jpg,0.9285714285714285,False,0.75,False,0.9323141976266691,False,0.7888609096021281,False,1,False,0.991748990021163,False,0.5203020368905854,False,0.5,True,1.0,False
c:/school programs/AI/ML_ENV/AI-Lizard-Prediction-Challenge/train/Green_iguana/Green_iguana_Green_iguana_206.jpg,0.9285714285714285,False,0.75,False,0.932994688758601,False,0.9219309348641838,False,1,False,0.9343418467052541,False,0.49437310588014993,False,1.0,False,1.0,False
c:/school programs/AI/ML_ENV/AI-Lizard-Prediction-Challenge/train/Green_iguana/Green_iguana_Green_iguana_207.jpg,0.9285714285714285,False,0.75,False,0.9241887081644052,False,0.8572529627367234,False,1,False,0.9333093078948193,False,0.5092630995291607,False,1.0,False,1.0,False
c:/school programs/AI/ML_ENV/AI-Lizard-Prediction-Challenge/train/Green_iguana/Green_iguana_Green_iguana_209.jpg,0.9285714285714285,False,0.75,False,0.9423825189646099,False,0.8962771415137964,False,1,False,0.9769396227650194,False,0.49306143324887886,False,1.0,False,1.0,False
c:/school programs/AI/ML_ENV/AI-Lizard-Prediction-Challenge/train/Green_iguana/Green_iguana_Green_iguana_21.jpg,0.9265414150995837,False,0.5625,False,0.922894531182627,False,0.7976366091769422,False,1,False,0.9786606827834373,False,0.4224198701324797,False,1.0,False,1.0,False
c:/school programs/AI/ML_ENV/AI-Lizard-Prediction-Challenge/train/Green_iguana/Green_iguana_Green_iguana_210.jpg,0.6200032654964378,False,0.8101045296167247,False,0.9031777112900627,False,0.791118833324738,False,1,False,0.9294623052362347,False,0.5211605070212538,False,1.0,False,1.0,False
c:/school programs/AI/ML_ENV/AI-Lizard-Prediction-Challenge/train/Green_iguana/Green_iguana_Green_iguana_212.jpg,0.9285714285714285,False,0.75,False,0.9379066838816361,False,0.8436610706741264,False,1,False,0.9913405849277407,False,0.5479239580392873,False,1.0,False,1.0,False
c:/school programs/AI/ML_ENV/AI-Lizard-Prediction-Challenge/train/Green_iguana/Green_iguana_Green_iguana_213.jpg,0.9265414150995837,False,0.5625,False,0.9523056502856488,False,0.9211637899186401,False,1,False,0.9897506511254773,False,0.6012437495294218,False,1.0,False,1.0,False
c:/school programs/AI/ML_ENV/AI-Lizard-Prediction-Challenge/train/Green_iguana/Green_iguana_Green_iguana_214.jpg,0.9905452019764944,False,0.66650390625,False,0.9261658242306547,False,0.8367848979102331,False,1,False,0.9116648986064007,False,0.4889956652023246,False,1.0,False,1.0,False
c:/school programs/AI/ML_ENV/AI-Lizard-Prediction-Challenge/train/Green_iguana/Green_iguana_Green_iguana_215.jpg,0.9285714285714285,False,0.75,False,0.8619939355414932,False,0.9223707685349477,False,1,False,0.9570771135635776,False,0.6100079695486031,False,1.0,False,1.0,False
c:/school programs/AI/ML_ENV/AI-Lizard-Prediction-Challenge/train/Green_iguana/Green_iguana_Green_iguana_218.jpg,0.9905452019764944,False,0.66650390625,False,0.7907661413362104,False,0.9639463000366709,False,1,False,0.9764705882352941,False,0.6543156199092544,False,1.0,False,1.0,False
c:/school programs/AI/ML_ENV/AI-Lizard-Prediction-Challenge/train/Green_iguana/Green_iguana_Green_iguana_219.jpg,0.9285714285714285,False,0.75,False,0.8889427810832846,False,0.8490254648449528,False,1,False,0.9994686169859808,False,0.5550618242392784,False,1.0,False,1.0,False
c:/school programs/AI/ML_ENV/AI-Lizard-Prediction-Challenge/train/Green_iguana/Green_iguana_Green_iguana_22.jpg,0.79089720634705,False,0.6672885572139303,False,0.8088425376883622,False,0.9173455565832538,False,1,False,0.9091580618307097,False,0.5017616073170643,False,1.0,False,1.0,False
c:/school programs/AI/ML_ENV/AI-Lizard-Prediction-Challenge/train/Green_iguana/Green_iguana_Green_iguana_220.jpg,0.9285714285714285,False,0.75,False,0.9362462096665688,False,0.8850727458743188,False,1,False,0.9512124075167248,False,0.4882736904618563,False,1.0,False,1.0,False
c:/school programs/AI/ML_ENV/AI-Lizard-Prediction-Challenge/train/Green_iguana/Green_iguana_Green_iguana_23.jpg,0.9306857071480693,False,0.7470703125,False,0.9287667789495807,False,0.8799392695004989,False,1,False,0.9660888620361223,False,0.5541275793876066,False,1.0,False,1.0,False
c:/school programs/AI/ML_ENV/AI-Lizard-Prediction-Challenge/train/Green_iguana/Green_iguana_Green_iguana_24.jpg,0.9285714285714285,False,0.75,False,0.8872668845146143,False,0.7581753330402934,False,1,False,0.9529827232127674,False,0.4697506061297587,False,1.0,False,1.0,False
c:/school programs/AI/ML_ENV/AI-Lizard-Prediction-Challenge/train/Green_iguana/Green_iguana_Green_iguana_25.jpg,0.9285714285714285,False,0.75,False,0.9153099721474582,False,0.7965256412059274,False,1,False,0.9633991468680478,False,0.5028590530250252,False,1.0,False,1.0,False
c:/school programs/AI/ML_ENV/AI-Lizard-Prediction-Challenge/train/Green_iguana/Green_iguana_Green_iguana_26.jpg,0.9285714285714285,False,0.75,False,0.916670720120699,False,0.9023835783159853,False,1,False,0.9907222364459893,False,0.5658989300694782,False,1.0,False,1.0,False
c:/school programs/AI/ML_ENV/AI-Lizard-Prediction-Challenge/train/Green_iguana/Green_iguana_Green_iguana_27.jpg,0.9285714285714285,False,0.75,False,0.9340234629345412,False,0.8864049429518401,False,1,False,0.9680573618065146,False,0.5315292133378585,False,1.0,False,1.0,False
c:/school programs/AI/ML_ENV/AI-Lizard-Prediction-Challenge/train/Green_iguana/Green_iguana_Green_iguana_28.jpg,0.9285714285714285,False,0.75,False,0.9282763040906608,False,0.840863730808337,False,1,False,0.987703934334206,False,0.5044169665488107,False,1.0,False,1.0,False
c:/school programs/AI/ML_ENV/AI-Lizard-Prediction-Challenge/train/Green_iguana/Green_iguana_Green_iguana_29.jpg,0.9285714285714285,False,0.75,False,0.9342609411618805,False,0.8850638476890959,False,1,False,0.9700222711149751,False,0.4702946931680817,False,1.0,False,1.0,False
c:/school programs/AI/ML_ENV/AI-Lizard-Prediction-Challenge/train/Green_iguana/Green_iguana_Green_iguana_30.jpg,0.9285714285714285,False,0.75,False,0.9088671462707985,False,0.8593197719410964,False,1,False,0.939008909245102,False,0.4492709297122407,False,1.0,False,1.0,False
c:/school programs/AI/ML_ENV/AI-Lizard-Prediction-Challenge/train/Green_iguana/Green_iguana_Green_iguana_31.jpg,0.9265414150995837,False,0.5625,False,0.9452608310104189,False,0.8708614291820796,False,1,False,0.9653948121915624,False,0.4776552615499897,False,1.0,False,1.0,False
c:/school programs/AI/ML_ENV/AI-Lizard-Prediction-Challenge/train/Green_iguana/Green_iguana_Green_iguana_32.jpg,0.9285714285714285,False,0.75,False,0.9256382463741158,False,0.920677610206882,False,1,False,0.9326464420524314,False,0.5593036254514858,False,1.0,False,1.0,False
c:/school programs/AI/ML_ENV/AI-Lizard-Prediction-Challenge/train/Green_iguana/Green_iguana_Green_iguana_33.jpg,0.9285714285714285,False,0.75,False,0.945202777556216,False,0.8818976131514877,False,1,False,0.9490164316913305,False,0.4884707613606165,False,1.0,False,1.0,False
c:/school programs/AI/ML_ENV/AI-Lizard-Prediction-Challenge/train/Green_iguana/Green_iguana_Green_iguana_34.jpg,0.9905452019764944,False,0.66650390625,False,0.7888310651412889,False,0.8106497481445052,False,1,False,0.8627913980446215,False,0.6538524250982499,False,1.0,False,1.0,False
c:/school programs/AI/ML_ENV/AI-Lizard-Prediction-Challenge/train/Green_iguana/Green_iguana_Green_iguana_36.jpg,0.9285714285714285,False,0.75,False,0.6776583781576018,False,0.996078431372549,False,1,False,0.9104361984845271,False,0.7825616428629887,False,1.0,False,1.0,False
c:/school programs/AI/ML_ENV/AI-Lizard-Prediction-Challenge/train/Green_iguana/Green_iguana_Green_iguana_37.jpg,0.9285714285714285,False,0.75,False,0.9070669793970167,False,0.9730100336184927,False,1,False,0.974483970147184,False,0.5053564089860598,False,1.0,False,1.0,False
c:/school programs/AI/ML_ENV/AI-Lizard-Prediction-Challenge/train/Green_iguana/Green_iguana_Green_iguana_38.jpg,0.7612701511541071,False,1.0,False,0.8709487448568733,False,0.83929734259066,False,1,False,0.7931004669235615,False,0.6047779034291901,False,1.0,False,1.0,False
c:/school programs/AI/ML_ENV/AI-Lizard-Prediction-Challenge/train/Green_iguana/Green_iguana_Green_iguana_39.jpg,0.9285714285714285,False,0.75,False,0.9204992532601353,False,0.9024113884660974,False,1,False,0.9764705882352941,False,0.5974273728852486,False,1.0,False,1.0,False
c:/school programs/AI/ML_ENV/AI-Lizard-Prediction-Challenge/train/Green_iguana/Green_iguana_Green_iguana_40.jpg,0.9285714285714285,False,0.75,False,0.9028852183668508,False,0.7381746269905128,False,1,False,0.9804324305453446,False,0.5427631974041586,False,1.0,False,1.0,False
c:/school programs/AI/ML_ENV/AI-Lizard-Prediction-Challenge/train/Green_iguana/Green_iguana_Green_iguana_41.jpg,0.9265414150995837,False,0.5625,False,0.9162791658480108,False,0.7951727503478149,False,1,False,0.9137529660095204,False,0.517410259032343,False,1.0,False,1.0,False
c:/school programs/AI/ML_ENV/AI-Lizard-Prediction-Challenge/train/Green_iguana/Green_iguana_Green_iguana_42.jpg,0.9265414150995837,False,0.5625,False,0.9211710991187343,False,0.8362920991014514,False,1,False,0.9163671399072992,False,0.49792160881693315,False,1.0,False,1.0,False
c:/school programs/AI/ML_ENV/AI-Lizard-Prediction-Challenge/train/Green_iguana/Green_iguana_Green_iguana_43.jpg,0.9285714285714285,False,0.75,False,0.8599255511818721,False,0.7754363109446729,False,1,False,0.9610214753311572,False,0.43087588261195686,False,1.0,False,1.0,False
c:/school programs/AI/ML_ENV/AI-Lizard-Prediction-Challenge/train/Green_iguana/Green_iguana_Green_iguana_44.jpg,0.9285714285714285,False,0.75,False,0.8605042992393287,False,0.639476053028555,False,1,False,0.9635942263946478,False,0.42180867705794245,False,1.0,False,1.0,False
c:/school programs/AI/ML_ENV/AI-Lizard-Prediction-Challenge/train/Green_iguana/Green_iguana_Green_iguana_45.jpg,0.796498140793567,False,0.6666666666666666,False,0.9040926631457348,False,0.939772186943322,False,1,False,0.9016676002602894,False,0.5671141043602477,False,1.0,False,1.0,False
c:/school programs/AI/ML_ENV/AI-Lizard-Prediction-Challenge/train/Green_iguana/Green_iguana_Green_iguana_46.jpg,0.9285714285714285,False,0.75,False,0.9329930663491814,False,0.9172562958950234,False,1,False,0.9622444367295228,False,0.4721593908606101,False,1.0,False,1.0,False
c:/school programs/AI/ML_ENV/AI-Lizard-Prediction-Challenge/train/Green_iguana/Green_iguana_Green_iguana_47.jpg,0.9285714285714285,False,0.75,False,0.9030653835476464,False,0.9632425366610927,False,1,False,0.9526859094883472,False,0.49163736088348464,False,1.0,False,1.0,False
c:/school programs/AI/ML_ENV/AI-Lizard-Prediction-Challenge/train/Green_iguana/Green_iguana_Green_iguana_48.jpg,0.9285714285714285,False,0.75,False,0.8892941772377414,False,0.8599271349062808,False,1,False,0.9533466497968981,False,0.4812581037139865,False,1.0,False,1.0,False
c:/school programs/AI/ML_ENV/AI-Lizard-Prediction-Challenge/train/Green_iguana/Green_iguana_Green_iguana_49.jpg,0.9285714285714285,False,0.75,False,0.8866789553238809,False,0.792582196210837,False,1,False,0.9753992705678128,False,0.5330380838880765,False,1.0,False,1.0,False
c:/school programs/AI/ML_ENV/AI-Lizard-Prediction-Challenge/train/Green_iguana/Green_iguana_Green_iguana_50.jpg,0.9285714285714285,False,0.75,False,0.7757073159890449,False,0.9449397240569201,False,1,False,0.7472059347717288,False,0.5371812337648121,False,1.0,False,1.0,False
c:/school programs/AI/ML_ENV/AI-Lizard-Prediction-Challenge/train/Green_iguana/Green_iguana_Green_iguana_51.jpg,0.9905452019764944,False,0.66650390625,False,0.9143422593069593,False,0.8965915739606664,False,1,False,0.8871971511916955,False,0.5836573255321407,False,1.0,False,1.0,False
c:/school programs/AI/ML_ENV/AI-Lizard-Prediction-Challenge/train/Green_iguana/Green_iguana_Green_iguana_52.jpg,0.9285714285714285,False,0.75,False,0.9046805626782745,False,0.7814856355078066,False,1,False,0.9833723488438081,False,0.4767659593277426,False,1.0,False,1.0,False
c:/school programs/AI/ML_ENV/AI-Lizard-Prediction-Challenge/train/Green_iguana/Green_iguana_Green_iguana_53.jpg,0.9905452019764944,False,0.66650390625,False,0.9091664267742741,False,0.9450335113101379,False,1,False,0.8667540877730642,False,0.6046482510193909,False,1.0,False,1.0,False
c:/school programs/AI/ML_ENV/AI-Lizard-Prediction-Challenge/train/Green_iguana/Green_iguana_Green_iguana_54.jpg,0.9285714285714285,False,0.75,False,0.9066230272983415,False,0.767088666333624,False,1,False,0.9904895934616693,False,0.5426560778468535,False,1.0,False,1.0,False
c:/school programs/AI/ML_ENV/AI-Lizard-Prediction-Challenge/train/Green_iguana/Green_iguana_Green_iguana_56.jpg,0.9265414150995837,False,0.5625,False,0.9146652480238455,False,0.7622979420402008,False,1,False,0.9701477245541439,False,0.4925908277220594,False,1.0,False,1.0,False
c:/school programs/AI/ML_ENV/AI-Lizard-Prediction-Challenge/train/Green_iguana/Green_iguana_Green_iguana_57.jpg,0.9265414150995837,False,0.5625,False,0.9201115556248303,False,0.8264861201146154,False,1,False,0.970790091903232,False,0.5612562927292859,False,1.0,False,1.0,False
c:/school programs/AI/ML_ENV/AI-Lizard-Prediction-Challenge/train/Green_iguana/Green_iguana_Green_iguana_58.jpg,0.9265414150995837,False,0.5625,False,0.8834925230957213,False,0.8053828964518688,False,1,False,0.9759392522425083,False,0.5194040366284265,False,1.0,False,1.0,False
c:/school programs/AI/ML_ENV/AI-Lizard-Prediction-Challenge/train/Green_iguana/Green_iguana_Green_iguana_59.jpg,0.926461275428192,False,0.7529296875,False,0.9505639971919693,False,0.9452145493963316,False,1,False,0.9874575292966032,False,0.6099177470472561,False,1.0,False,1.0,False
c:/school programs/AI/ML_ENV/AI-Lizard-Prediction-Challenge/train/Green_iguana/Green_iguana_Green_iguana_6.jpg,0.8119097245833609,False,1.0,False,0.9389090331504379,False,0.8966937193576978,False,1,False,0.9416743536038847,False,0.5550760290181551,False,1.0,False,1.0,False
c:/school programs/AI/ML_ENV/AI-Lizard-Prediction-Challenge/train/Green_iguana/Green_iguana_Green_iguana_61.jpg,0.9285714285714285,False,0.75,False,0.9073982564552466,False,0.8739150735061253,False,1,False,0.8470619825649154,False,0.4564040186445816,False,1.0,False,1.0,False
c:/school programs/AI/ML_ENV/AI-Lizard-Prediction-Challenge/train/Green_iguana/Green_iguana_Green_iguana_62.jpg,0.9285714285714285,False,0.75,False,0.8994764767400508,False,0.802646342890168,False,1,False,0.9623488741784079,False,0.5610387727033266,False,1.0,False,1.0,False
c:/school programs/AI/ML_ENV/AI-Lizard-Prediction-Challenge/train/Green_iguana/Green_iguana_Green_iguana_63.jpg,0.9285714285714285,False,0.75,False,0.9108833687160834,False,0.7909962114657154,False,1,False,1.0,False,0.48881798337030813,False,1.0,False,1.0,False
c:/school programs/AI/ML_ENV/AI-Lizard-Prediction-Challenge/train/Green_iguana/Green_iguana_Green_iguana_65.jpg,0.9285714285714285,False,0.75,False,0.9199049451225362,False,0.8243284319880811,False,1,False,0.9380512819736758,False,0.5044202288110404,False,1.0,False,1.0,False
c:/school programs/AI/ML_ENV/AI-Lizard-Prediction-Challenge/train/Green_iguana/Green_iguana_Green_iguana_68.jpg,0.9285714285714285,False,0.75,False,0.925522001810835,False,0.9048257834921176,False,1,False,0.9761099263071215,False,0.5968539763335361,False,1.0,False,1.0,False
c:/school programs/AI/ML_ENV/AI-Lizard-Prediction-Challenge/train/Green_iguana/Green_iguana_Green_iguana_69.jpg,0.9265414150995837,False,0.5625,False,0.8859392611212945,False,0.7989100059729263,False,1,False,0.9153820966840254,False,0.4775200411928261,False,1.0,False,1.0,False
c:/school programs/AI/ML_ENV/AI-Lizard-Prediction-Challenge/train/Green_iguana/Green_iguana_Green_iguana_7.jpg,0.8771050829593369,False,0.75,False,0.8855491682635395,False,0.7082349778622841,False,1,False,0.9252017745992739,False,0.41932170144169467,False,1.0,False,1.0,False
c:/school programs/AI/ML_ENV/AI-Lizard-Prediction-Challenge/train/Green_iguana/Green_iguana_Green_iguana_71.jpg,0.9285714285714285,False,0.75,False,0.9460991178549361,False,0.8830893636754417,False,1,False,0.9665263868306083,False,0.5387508587246364,False,1.0,False,1.0,False
c:/school programs/AI/ML_ENV/AI-Lizard-Prediction-Challenge/train/Green_iguana/Green_iguana_Green_iguana_72.jpg,0.9265414150995837,False,0.5625,False,0.9308056520076544,False,0.8521314319474346,False,1,False,0.9824749875263775,False,0.5861321362567614,False,1.0,False,1.0,False
c:/school programs/AI/ML_ENV/AI-Lizard-Prediction-Challenge/train/Green_iguana/Green_iguana_Green_iguana_73.jpg,0.9285714285714285,False,0.75,False,0.9197247245211506,False,0.9056441739231318,False,1,False,0.9196634792317675,False,0.5834939611302785,False,1.0,False,1.0,False
c:/school programs/AI/ML_ENV/AI-Lizard-Prediction-Challenge/train/Green_iguana/Green_iguana_Green_iguana_74.jpg,0.9285714285714285,False,0.75,False,0.9345130552206055,False,0.9103264925022809,False,1,False,0.923165483433995,False,0.5417385728100115,False,1.0,False,1.0,False
c:/school programs/AI/ML_ENV/AI-Lizard-Prediction-Challenge/train/Green_iguana/Green_iguana_Green_iguana_77.jpg,0.9894255106075404,False,0.66796875,False,0.8827324263965375,False,0.9593433370218197,False,1,False,0.9990563098186153,False,0.5935510411947893,False,1.0,False,1.0,False
c:/school programs/AI/ML_ENV/AI-Lizard-Prediction-Challenge/train/Green_iguana/Green_iguana_Green_iguana_78.jpg,0.9187858923074597,False,0.55322265625,False,0.907294975090373,False,0.9040815257100516,False,1,False,1.0,False,0.565550200325089,False,1.0,False,1.0,False
c:/school programs/AI/ML_ENV/AI-Lizard-Prediction-Challenge/train/Green_iguana/Green_iguana_Green_iguana_79.jpg,0.47394464387051893,True,0.7777777777777778,False,0.9067609245251316,False,0.8260709376683475,False,1,False,0.8897361081669588,False,0.4933584278758115,False,1.0,False,1.0,False
c:/school programs/AI/ML_ENV/AI-Lizard-Prediction-Challenge/train/Green_iguana/Green_iguana_Green_iguana_8.jpg,0.8830603944004529,False,0.814453125,False,0.8962098400034151,False,0.8438953613489292,False,1,False,0.9632165180919526,False,0.6011047883738416,False,1.0,False,1.0,False
c:/school programs/AI/ML_ENV/AI-Lizard-Prediction-Challenge/train/Green_iguana/Green_iguana_Green_iguana_80.jpg,0.9285714285714285,False,0.75,False,0.9169859681085099,False,0.8881287057966005,False,1,False,0.9770988736266885,False,0.4906626923410853,False,1.0,False,1.0,False
c:/school programs/AI/ML_ENV/AI-Lizard-Prediction-Challenge/train/Green_iguana/Green_iguana_Green_iguana_82.jpg,0.9285714285714285,False,0.75,False,0.901583947305023,False,0.7967710480260866,False,1,False,0.8626222283272708,False,0.500009814543213,False,1.0,False,1.0,False
c:/school programs/AI/ML_ENV/AI-Lizard-Prediction-Challenge/train/Green_iguana/Green_iguana_Green_iguana_83.jpg,0.8188678910248373,False,0.462,False,0.9090617437945657,False,0.8219373341866545,False,1,False,0.8985604703509691,False,0.5066496997721681,False,1.0,False,1.0,False
c:/school programs/AI/ML_ENV/AI-Lizard-Prediction-Challenge/train/Green_iguana/Green_iguana_Green_iguana_85.jpg,0.8929000953950901,False,0.80029296875,False,0.8899666551407185,False,0.9338209296080758,False,1,False,0.9090263772602647,False,0.4904386855283025,False,1.0,False,1.0,False
c:/school programs/AI/ML_ENV/AI-Lizard-Prediction-Challenge/train/Green_iguana/Green_iguana_Green_iguana_86.jpg,0.9285714285714285,False,0.75,False,0.7668288598428985,False,0.6904179498878625,False,1,False,0.8563706847572781,False,0.6831795170523426,False,1.0,False,1.0,False
c:/school programs/AI/ML_ENV/AI-Lizard-Prediction-Challenge/train/Green_iguana/Green_iguana_Green_iguana_88.jpg,0.9285714285714285,False,0.75,False,0.9289349490615555,False,0.9347663826190721,False,1,False,0.9153374739802732,False,0.47665351608510054,False,1.0,False,1.0,False
c:/school programs/AI/ML_ENV/AI-Lizard-Prediction-Challenge/train/Green_iguana/Green_iguana_Green_iguana_89.jpg,0.989798604524424,False,0.66748046875,False,0.9046811592546409,False,0.8662644475063981,False,1,False,0.8124519871656678,False,0.4709811207652307,False,1.0,False,1.0,False
c:/school programs/AI/ML_ENV/AI-Lizard-Prediction-Challenge/train/Green_iguana/Green_iguana_Green_iguana_90.jpg,0.989798604524424,False,0.66748046875,False,0.9017292921018124,False,0.8095505528397335,False,1,False,0.8815863946991942,False,0.44525069057083877,False,1.0,False,1.0,False
c:/school programs/AI/ML_ENV/AI-Lizard-Prediction-Challenge/train/Green_iguana/Green_iguana_Green_iguana_91.jpg,0.989798604524424,False,0.66748046875,False,0.863854249710138,False,0.8016792914954143,False,1,False,0.7876853114929236,False,0.40526592564417196,False,1.0,False,1.0,False
c:/school programs/AI/ML_ENV/AI-Lizard-Prediction-Challenge/train/Green_iguana/Green_iguana_Green_iguana_92.jpg,0.989798604524424,False,0.66748046875,False,0.9109959793860194,False,0.7914387912919141,False,1,False,0.8724111805609339,False,0.40785862343973056,False,1.0,False,1.0,False
c:/school programs/AI/ML_ENV/AI-Lizard-Prediction-Challenge/train/Green_iguana/Green_iguana_Green_iguana_93.jpg,0.989798604524424,False,0.66748046875,False,0.8433946036621004,False,0.955779205547016,False,1,False,0.8313955689556394,False,0.5167272795942557,False,1.0,False,1.0,False
c:/school programs/AI/ML_ENV/AI-Lizard-Prediction-Challenge/train/Green_iguana/Green_iguana_Green_iguana_94.jpg,0.7546784801377864,False,0.6666666666666666,False,0.6413781112028403,False,0.996078431372549,False,1,False,0.42621720772169175,False,0.5391663392142736,False,1.0,False,1.0,False
c:/school programs/AI/ML_ENV/AI-Lizard-Prediction-Challenge/train/Green_iguana/Green_iguana_Green_iguana_95.jpg,0.9285714285714285,False,0.75,False,0.853057044601354,False,0.8663460026656135,False,1,False,0.9582574133710947,False,0.4355546043746016,False,1.0,False,1.0,False
c:/school programs/AI/ML_ENV/AI-Lizard-Prediction-Challenge/train/Green_iguana/Green_iguana_Green_iguana_96.jpg,0.9285714285714285,False,0.75,False,0.8866677531677744,False,0.8694604106386917,False,1,False,0.816646681957769,False,0.43807531220396967,False,1.0,False,1.0,False
c:/school programs/AI/ML_ENV/AI-Lizard-Prediction-Challenge/train/Green_iguana/Green_iguana_Green_iguana_97.jpg,0.9285714285714285,False,0.75,False,0.9371807042407865,False,0.8315236427029323,False,1,False,0.9968703969098962,False,0.5360003406319829,False,1.0,False,1.0,False
c:/school programs/AI/ML_ENV/AI-Lizard-Prediction-Challenge/train/Green_iguana/Green_iguana_Green_iguana_98.jpg,0.9285714285714285,False,0.75,False,0.9325813766408159,False,0.9053472726606782,False,1,False,0.9090838935802842,False,0.4237366384410598,False,1.0,False,1.0,False
c:/school programs/AI/ML_ENV/AI-Lizard-Prediction-Challenge/train/Green_iguana/Green_iguana_Green_iguana_99.jpg,0.9285714285714285,False,0.75,False,0.9304392948082651,False,0.8452491677915619,False,1,False,0.9785788407081658,False,0.4314568701706073,False,1.0,False,1.0,False
c:/school programs/AI/ML_ENV/AI-Lizard-Prediction-Challenge/train/Green_iguana/Green_iguana_Iguana_iguana_10.jpg,0.9883070462987266,False,0.66943359375,False,0.8455160815229092,False,0.7539709290971189,False,1,False,0.7770987824241865,False,0.383416989942546,False,1.0,False,1.0,False
c:/school programs/AI/ML_ENV/AI-Lizard-Prediction-Challenge/train/Green_iguana/Green_iguana_Iguana_iguana_16.jpg,0.9905452019764944,False,0.66650390625,False,0.9046343330373955,False,0.8449530586638824,False,1,False,0.8627450980392156,False,0.4519425858793201,False,1.0,False,1.0,False
c:/school programs/AI/ML_ENV/AI-Lizard-Prediction-Challenge/train/Green_iguana/Green_iguana_Iguana_iguana_20.jpg,0.8381547564201117,False,0.86,False,0.9336907788306479,False,0.890448679907778,False,1,False,0.9077380788743653,False,0.3851980748744953,False,1.0,False,1.0,False
c:/school programs/AI/ML_ENV/AI-Lizard-Prediction-Challenge/train/Green_iguana/Green_iguana_Iguana_iguana_5.jpg,0.9285714285714285,False,0.75,False,0.9377300760472501,False,0.8985508310946421,False,1,False,0.9944710823166322,False,0.529938496341827,False,1.0,False,1.0,False
c:/school programs/AI/ML_ENV/AI-Lizard-Prediction-Challenge/train/Green_iguana/Green_iguana_Iguana_iguana_6.jpg,0.9285714285714285,False,0.75,False,0.8913807896270998,False,0.7388908995799193,False,1,False,0.9758765733970616,False,0.5302015652863528,False,1.0,False,1.0,False
c:/school programs/AI/ML_ENV/AI-Lizard-Prediction-Challenge/train/Lesser_Antillean_iguana/Lesser_Antillean_iguana_Iguana_delicatissima_1.jpg,0.9285714285714285,False,0.75,False,0.9051875489260409,False,0.8048958716094591,False,1,False,1.0,False,0.5921141645717916,False,1.0,False,1.0,False
c:/school programs/AI/ML_ENV/AI-Lizard-Prediction-Challenge/train/Lesser_Antillean_iguana/Lesser_Antillean_iguana_Iguana_delicatissima_10.jpg,0.9905452019764944,False,0.66650390625,False,0.9158272680643545,False,0.941676372532622,False,1,False,0.7743634311922655,False,0.5083529536055467,False,1.0,False,1.0,False
c:/school programs/AI/ML_ENV/AI-Lizard-Prediction-Challenge/train/Lesser_Antillean_iguana/Lesser_Antillean_iguana_Iguana_delicatissima_11.jpg,0.9905452019764944,False,0.66650390625,False,0.8768996255658549,False,0.9016116022256232,False,1,False,0.8531254071939519,False,0.47015453271268925,False,1.0,False,1.0,False
c:/school programs/AI/ML_ENV/AI-Lizard-Prediction-Challenge/train/Lesser_Antillean_iguana/Lesser_Antillean_iguana_Iguana_delicatissima_13.jpg,0.9905452019764944,False,0.66650390625,False,0.8974773497370331,False,0.7450716152459174,False,1,False,0.8893469821134982,False,0.39843480511901896,False,1.0,False,1.0,False
c:/school programs/AI/ML_ENV/AI-Lizard-Prediction-Challenge/train/Lesser_Antillean_iguana/Lesser_Antillean_iguana_Iguana_delicatissima_14.jpg,0.9905452019764944,False,0.66650390625,False,0.9284800967768055,False,0.9079903553857658,False,1,False,0.9990563098186153,False,0.5992313537739249,False,1.0,False,1.0,False
c:/school programs/AI/ML_ENV/AI-Lizard-Prediction-Challenge/train/Lesser_Antillean_iguana/Lesser_Antillean_iguana_Iguana_delicatissima_15.jpg,0.9905452019764944,False,0.66650390625,False,0.8668614978495589,False,0.8760560953363661,False,1,False,0.7673097949425906,False,0.4428405871670249,False,1.0,False,1.0,False
c:/school programs/AI/ML_ENV/AI-Lizard-Prediction-Challenge/train/Lesser_Antillean_iguana/Lesser_Antillean_iguana_Iguana_delicatissima_17.jpg,0.9285714285714285,False,0.75,False,0.8988628362773469,False,0.7979450057921058,False,1,False,0.9293517561499398,False,0.5195949641722244,False,1.0,False,1.0,False
c:/school programs/AI/ML_ENV/AI-Lizard-Prediction-Challenge/train/Lesser_Antillean_iguana/Lesser_Antillean_iguana_Iguana_delicatissima_18.jpg,0.9285714285714285,False,0.75,False,0.8784747290956019,False,0.766044165355086,False,1,False,0.9763594786774129,False,0.5718842290799658,False,1.0,False,1.0,False
c:/school programs/AI/ML_ENV/AI-Lizard-Prediction-Challenge/train/Lesser_Antillean_iguana/Lesser_Antillean_iguana_Iguana_delicatissima_19.jpg,0.9285714285714285,False,0.75,False,0.9325592318888604,False,0.8751055193547148,False,1,False,0.9781074749150804,False,0.6095108840802115,False,1.0,False,1.0,False
c:/school programs/AI/ML_ENV/AI-Lizard-Prediction-Challenge/train/Lesser_Antillean_iguana/Lesser_Antillean_iguana_Iguana_delicatissima_2.jpg,0.9905452019764944,False,0.66650390625,False,0.8939711485812835,False,0.8328390259835128,False,1,False,0.9903459253731063,False,0.5744253043096494,False,1.0,False,1.0,False
c:/school programs/AI/ML_ENV/AI-Lizard-Prediction-Challenge/train/Lesser_Antillean_iguana/Lesser_Antillean_iguana_Iguana_delicatissima_20.jpg,0.9285714285714285,False,0.75,False,0.9102455310072689,False,0.9217762552138673,False,1,False,0.9090513760539819,False,0.5146728525077532,False,1.0,False,1.0,False
c:/school programs/AI/ML_ENV/AI-Lizard-Prediction-Challenge/train/Lesser_Antillean_iguana/Lesser_Antillean_iguana_Iguana_delicatissima_3.jpg,0.9905452019764944,False,0.66650390625,False,0.920234178612992,False,0.9426043899295136,False,1,False,0.9368160511677254,False,0.4981445162283804,False,1.0,False,1.0,False
c:/school programs/AI/ML_ENV/AI-Lizard-Prediction-Challenge/train/Lesser_Antillean_iguana/Lesser_Antillean_iguana_Iguana_delicatissima_4.jpg,0.9905452019764944,False,0.66650390625,False,0.9026360231311022,False,0.8826141461783756,False,1,False,0.7963907433356706,False,0.5654790903167815,False,1.0,False,1.0,False
c:/school programs/AI/ML_ENV/AI-Lizard-Prediction-Challenge/train/Lesser_Antillean_iguana/Lesser_Antillean_iguana_Iguana_delicatissima_5.jpg,0.9905452019764944,False,0.66650390625,False,0.8982243644286187,False,0.7750026870167708,False,1,False,0.9549608549700781,False,0.5044484526862467,False,1.0,False,1.0,False
c:/school programs/AI/ML_ENV/AI-Lizard-Prediction-Challenge/train/Lesser_Antillean_iguana/Lesser_Antillean_iguana_Iguana_delicatissima_7.jpg,0.9458540717070689,False,0.6666666666666666,False,0.9229028951089137,False,0.8325656894002514,False,1,False,0.9713263978524092,False,0.5318448591480369,False,1.0,False,1.0,False
c:/school programs/AI/ML_ENV/AI-Lizard-Prediction-Challenge/train/Lesser_Antillean_iguana/Lesser_Antillean_iguana_Iguana_delicatissima_8.jpg,0.9285714285714285,False,0.75,False,0.9116719989070573,False,0.8842191812053096,False,1,False,0.8266756799002629,False,0.4435170560624012,False,1.0,False,1.0,False
c:/school programs/AI/ML_ENV/AI-Lizard-Prediction-Challenge/train/Lesser_Antillean_iguana/Lesser_Antillean_iguana_Iguana_delicatissima_9.jpg,0.9458540717070689,False,0.6666666666666666,False,0.9018021627846585,False,0.9471426953401748,False,1,False,0.8870822056175036,False,0.5790287679449626,False,1.0,False,1.0,False
c:/school programs/AI/ML_ENV/AI-Lizard-Prediction-Challenge/train/Lesser_Antillean_iguana/Lesser_Antillean_iguana_Lesser_Antillean_iguana_100.jpg,0.9285714285714285,False,0.75,False,0.9040996693325536,False,0.9100470454883507,False,1,False,0.8225123598365036,False,0.4766756136745893,False,1.0,False,1.0,False
c:/school programs/AI/ML_ENV/AI-Lizard-Prediction-Challenge/train/Lesser_Antillean_iguana/Lesser_Antillean_iguana_Lesser_Antillean_iguana_101.jpg,0.8794221373485898,False,0.50732421875,False,0.8676538573791297,False,0.8549366761189808,False,1,False,0.7710617139403403,False,0.3583342847033457,False,1.0,False,1.0,False
c:/school programs/AI/ML_ENV/AI-Lizard-Prediction-Challenge/train/Lesser_Antillean_iguana/Lesser_Antillean_iguana_Lesser_Antillean_iguana_102.jpg,0.7556735389403478,False,0.3759765625,False,0.942531946827164,False,0.8998501085216354,False,1,False,0.9859693676794968,False,0.5309511974825234,False,1.0,False,1.0,False
c:/school programs/AI/ML_ENV/AI-Lizard-Prediction-Challenge/train/Lesser_Antillean_iguana/Lesser_Antillean_iguana_Lesser_Antillean_iguana_103.jpg,0.9285714285714285,False,0.75,False,0.9201270171563349,False,0.9409430773943401,False,1,False,0.9450675123212412,False,0.5062454198793411,False,1.0,False,1.0,False
c:/school programs/AI/ML_ENV/AI-Lizard-Prediction-Challenge/train/Lesser_Antillean_iguana/Lesser_Antillean_iguana_Lesser_Antillean_iguana_104.jpg,0.9857020455749171,False,0.6728515625,False,0.8982470408051327,False,0.9493551008939751,False,1,False,0.9870396751202243,False,0.5544153434854544,False,1.0,False,1.0,False
c:/school programs/AI/ML_ENV/AI-Lizard-Prediction-Challenge/train/Lesser_Antillean_iguana/Lesser_Antillean_iguana_Lesser_Antillean_iguana_105.jpg,0.8273928556640802,False,0.44970703125,False,0.8825354593059427,False,0.81160484729162,False,1,False,0.9994686169859808,False,0.4388958747016005,False,1.0,False,1.0,False
c:/school programs/AI/ML_ENV/AI-Lizard-Prediction-Challenge/train/Lesser_Antillean_iguana/Lesser_Antillean_iguana_Lesser_Antillean_iguana_106.jpg,0.9285714285714285,False,0.75,False,0.9060066434412182,False,0.8588914651474703,False,1,False,0.9125439213849114,False,0.5448260882537254,False,1.0,False,1.0,False
c:/school programs/AI/ML_ENV/AI-Lizard-Prediction-Challenge/train/Lesser_Antillean_iguana/Lesser_Antillean_iguana_Lesser_Antillean_iguana_107.jpg,0.8386823479313791,False,0.4619140625,False,0.862160834952907,False,1.0,False,1,False,0.8838137276108682,False,0.5406746927606775,False,1.0,False,1.0,False
c:/school programs/AI/ML_ENV/AI-Lizard-Prediction-Challenge/train/Lesser_Antillean_iguana/Lesser_Antillean_iguana_Lesser_Antillean_iguana_108.jpg,0.9285714285714285,False,0.75,False,0.8948791249950244,False,0.8114779961281238,False,1,False,0.9864762745323892,False,0.5502655178840818,False,1.0,False,1.0,False
c:/school programs/AI/ML_ENV/AI-Lizard-Prediction-Challenge/train/Lesser_Antillean_iguana/Lesser_Antillean_iguana_Lesser_Antillean_iguana_109.jpg,0.9905452019764944,False,0.66650390625,False,0.915582153045518,False,0.9356330922899763,False,1,False,0.9117167434148563,False,0.5790902079028415,False,1.0,False,1.0,False
c:/school programs/AI/ML_ENV/AI-Lizard-Prediction-Challenge/train/Lesser_Antillean_iguana/Lesser_Antillean_iguana_Lesser_Antillean_iguana_110.jpg,0.9299804877464698,False,0.748046875,False,0.9023981958042504,False,0.7394860018106606,False,1,False,0.9471576447446092,False,0.45619526734270366,False,1.0,False,1.0,False
c:/school programs/AI/ML_ENV/AI-Lizard-Prediction-Challenge/train/Lesser_Antillean_iguana/Lesser_Antillean_iguana_Lesser_Antillean_iguana_111.jpg,0.9285714285714285,False,0.75,False,0.890975670036824,False,0.7712993088084774,False,1,False,0.9788502934375136,False,0.5481633907950422,False,1.0,False,1.0,False
c:/school programs/AI/ML_ENV/AI-Lizard-Prediction-Challenge/train/Lesser_Antillean_iguana/Lesser_Antillean_iguana_Lesser_Antillean_iguana_112.jpg,0.9066160702479313,False,0.78076171875,False,0.9017648759843544,False,0.7855054670811936,False,1,False,0.9437606435156823,False,0.43605690729087376,False,1.0,False,1.0,False
c:/school programs/AI/ML_ENV/AI-Lizard-Prediction-Challenge/train/Lesser_Antillean_iguana/Lesser_Antillean_iguana_Lesser_Antillean_iguana_113.jpg,0.9285714285714285,False,0.75,False,0.8908074678651504,False,0.8317885660688005,False,1,False,0.8740336489675945,False,0.5493933606476868,False,1.0,False,1.0,False
c:/school programs/AI/ML_ENV/AI-Lizard-Prediction-Challenge/train/Lesser_Antillean_iguana/Lesser_Antillean_iguana_Lesser_Antillean_iguana_115.jpg,0.9285714285714285,False,0.75,False,0.8713686031132668,False,0.7466582894604291,False,1,False,0.9967918087718227,False,0.4772856100411267,False,1.0,False,1.0,False
c:/school programs/AI/ML_ENV/AI-Lizard-Prediction-Challenge/train/Lesser_Antillean_iguana/Lesser_Antillean_iguana_Lesser_Antillean_iguana_116.jpg,0.9285714285714285,False,0.75,False,0.8841193054204809,False,0.8138489986341831,False,1,False,0.9949109956540617,False,0.530388326650481,False,1.0,False,1.0,False
c:/school programs/AI/ML_ENV/AI-Lizard-Prediction-Challenge/train/Lesser_Antillean_iguana/Lesser_Antillean_iguana_Lesser_Antillean_iguana_117.jpg,0.9285714285714285,False,0.75,False,0.8949110097260619,False,0.7873937201794207,False,1,False,1.0,False,0.569402059288499,False,1.0,False,1.0,False
c:/school programs/AI/ML_ENV/AI-Lizard-Prediction-Challenge/train/Lesser_Antillean_iguana/Lesser_Antillean_iguana_Lesser_Antillean_iguana_118.jpg,0.8517585409850887,False,0.75,False,0.9022891415400052,False,0.8085296376616495,False,1,False,0.8348821961392033,False,0.5068195944838585,False,1.0,False,1.0,False
c:/school programs/AI/ML_ENV/AI-Lizard-Prediction-Challenge/train/Lesser_Antillean_iguana/Lesser_Antillean_iguana_Lesser_Antillean_iguana_119.jpg,0.9285714285714285,False,0.75,False,0.9184142654881908,False,0.8690809113755991,False,1,False,0.9922736271677414,False,0.58711987121232,False,1.0,False,1.0,False
c:/school programs/AI/ML_ENV/AI-Lizard-Prediction-Challenge/train/Lesser_Antillean_iguana/Lesser_Antillean_iguana_Lesser_Antillean_iguana_12.jpg,0.9905452019764944,False,0.66650390625,False,0.9026909502605149,False,0.8532176716933738,False,1,False,0.8249353451766057,False,0.5658913188641517,False,1.0,False,1.0,False
c:/school programs/AI/ML_ENV/AI-Lizard-Prediction-Challenge/train/Lesser_Antillean_iguana/Lesser_Antillean_iguana_Lesser_Antillean_iguana_120.jpg,0.9285714285714285,False,0.75,False,0.8842469640677797,False,0.9019853364076404,False,1,False,0.9811057794944834,False,0.5767980982368794,False,1.0,False,1.0,False
c:/school programs/AI/ML_ENV/AI-Lizard-Prediction-Challenge/train/Lesser_Antillean_iguana/Lesser_Antillean_iguana_Lesser_Antillean_iguana_121.jpg,0.9285714285714285,False,0.75,False,0.8795205727312697,False,0.9061025451561983,False,1,False,0.9795884470363508,False,0.5999726520385132,False,1.0,False,1.0,False
c:/school programs/AI/ML_ENV/AI-Lizard-Prediction-Challenge/train/Lesser_Antillean_iguana/Lesser_Antillean_iguana_Lesser_Antillean_iguana_127.jpg,0.9282194505449995,False,0.75048828125,False,0.8764293166999688,False,0.9246218810080772,False,1,False,0.9977339261108504,False,0.6130649755731742,False,1.0,False,1.0,False
c:/school programs/AI/ML_ENV/AI-Lizard-Prediction-Challenge/train/Lesser_Antillean_iguana/Lesser_Antillean_iguana_Lesser_Antillean_iguana_128.jpg,0.9285714285714285,False,0.75,False,0.904274312587361,False,0.7696090279546527,False,1,False,0.996078431372549,False,0.4731351860502846,False,1.0,False,1.0,False
c:/school programs/AI/ML_ENV/AI-Lizard-Prediction-Challenge/train/Lesser_Antillean_iguana/Lesser_Antillean_iguana_Lesser_Antillean_iguana_130.jpg,0.9905452019764944,False,0.66650390625,False,0.8128117695039401,False,0.8079115367834802,False,1,False,0.6397212123473044,False,0.34498645415109797,False,1.0,False,1.0,False
c:/school programs/AI/ML_ENV/AI-Lizard-Prediction-Challenge/train/Lesser_Antillean_iguana/Lesser_Antillean_iguana_Lesser_Antillean_iguana_131.jpg,0.9905452019764944,False,0.66650390625,False,0.8883459113958448,False,0.8531767638682333,False,1,False,0.987703934334206,False,0.5728297656940513,False,1.0,False,1.0,False
c:/school programs/AI/ML_ENV/AI-Lizard-Prediction-Challenge/train/Lesser_Antillean_iguana/Lesser_Antillean_iguana_Lesser_Antillean_iguana_132.jpg,0.9303330398689336,False,0.74755859375,False,0.9249482648606892,False,0.7997012227850928,False,1,False,0.9908277271208041,False,0.5598954438977897,False,1.0,False,1.0,False
c:/school programs/AI/ML_ENV/AI-Lizard-Prediction-Challenge/train/Lesser_Antillean_iguana/Lesser_Antillean_iguana_Lesser_Antillean_iguana_133.jpg,0.9300675822045688,False,0.750122249388753,False,0.9027249766121077,False,0.8176076787198097,False,1,False,0.885659324572752,False,0.4901064123057399,False,1.0,False,1.0,False
c:/school programs/AI/ML_ENV/AI-Lizard-Prediction-Challenge/train/Lesser_Antillean_iguana/Lesser_Antillean_iguana_Lesser_Antillean_iguana_134.jpg,0.9269478222791533,False,0.56298828125,False,0.9166868283576503,False,0.8309379517366058,False,1,False,0.845300753631945,False,0.47758817720126423,False,1.0,False,1.0,False
c:/school programs/AI/ML_ENV/AI-Lizard-Prediction-Challenge/train/Lesser_Antillean_iguana/Lesser_Antillean_iguana_Lesser_Antillean_iguana_136.jpg,0.945469123220927,False,0.75,False,0.8646431229422078,False,0.7273454006161508,False,1,False,0.969773300183377,False,0.4622930799895002,False,1.0,False,1.0,False
c:/school programs/AI/ML_ENV/AI-Lizard-Prediction-Challenge/train/Lesser_Antillean_iguana/Lesser_Antillean_iguana_Lesser_Antillean_iguana_137.jpg,0.945469123220927,False,0.75,False,0.8989447070313533,False,0.7667054901304884,False,1,False,0.9844950071328897,False,0.5233694479273345,False,1.0,False,1.0,False
c:/school programs/AI/ML_ENV/AI-Lizard-Prediction-Challenge/train/Lesser_Antillean_iguana/Lesser_Antillean_iguana_Lesser_Antillean_iguana_138.jpg,0.9905452019764944,False,0.66650390625,False,0.924343136068787,False,0.8822074755519687,False,1,False,0.9021740839009051,False,0.5838774014132451,False,1.0,False,1.0,False
c:/school programs/AI/ML_ENV/AI-Lizard-Prediction-Challenge/train/Lesser_Antillean_iguana/Lesser_Antillean_iguana_Lesser_Antillean_iguana_139.jpg,0.9285714285714285,False,0.75,False,0.9335616392653598,False,0.8682910365340093,False,1,False,0.9848826728484977,False,0.5004335876450281,False,1.0,False,1.0,False
c:/school programs/AI/ML_ENV/AI-Lizard-Prediction-Challenge/train/Lesser_Antillean_iguana/Lesser_Antillean_iguana_Lesser_Antillean_iguana_140.jpg,0.9285714285714285,False,0.75,False,0.901220781683644,False,0.9215686274509804,False,1,False,0.7678877493098694,False,0.5121628399824965,False,1.0,False,1.0,False
c:/school programs/AI/ML_ENV/AI-Lizard-Prediction-Challenge/train/Lesser_Antillean_iguana/Lesser_Antillean_iguana_Lesser_Antillean_iguana_143.jpg,0.9265414150995837,False,0.5625,False,0.9343143545432637,False,0.8979238209554489,False,1,False,0.9657731701722351,False,0.5500743239807176,False,1.0,False,1.0,False
c:/school programs/AI/ML_ENV/AI-Lizard-Prediction-Challenge/train/Lesser_Antillean_iguana/Lesser_Antillean_iguana_Lesser_Antillean_iguana_144.jpg,0.9905452019764944,False,0.66650390625,False,0.8929563713841102,False,0.8632641748112724,False,1,False,0.8161021941118286,False,0.5068058756164902,False,1.0,False,1.0,False
c:/school programs/AI/ML_ENV/AI-Lizard-Prediction-Challenge/train/Lesser_Antillean_iguana/Lesser_Antillean_iguana_Lesser_Antillean_iguana_145.jpg,0.9905452019764944,False,0.66650390625,False,0.8888462083315274,False,0.8356955405298793,False,1,False,0.80445215816757,False,0.4074035814352731,False,1.0,False,1.0,False
c:/school programs/AI/ML_ENV/AI-Lizard-Prediction-Challenge/train/Lesser_Antillean_iguana/Lesser_Antillean_iguana_Lesser_Antillean_iguana_146.jpg,0.9905452019764944,False,0.66650390625,False,0.9191338957172146,False,0.8980392156862745,False,1,False,0.8668502068095454,False,0.5014959096477136,False,1.0,False,1.0,False
c:/school programs/AI/ML_ENV/AI-Lizard-Prediction-Challenge/train/Lesser_Antillean_iguana/Lesser_Antillean_iguana_Lesser_Antillean_iguana_147.jpg,0.9905452019764944,False,0.66650390625,False,0.9022218052281276,False,0.8418521270720046,False,1,False,0.8988514224840183,False,0.4546317545227134,False,1.0,False,1.0,False
c:/school programs/AI/ML_ENV/AI-Lizard-Prediction-Challenge/train/Lesser_Antillean_iguana/Lesser_Antillean_iguana_Lesser_Antillean_iguana_148.jpg,0.9905452019764944,False,0.66650390625,False,0.8776155619328008,False,0.882869631349148,False,1,False,0.9635424436700006,False,0.5187138399928952,False,1.0,False,1.0,False
c:/school programs/AI/ML_ENV/AI-Lizard-Prediction-Challenge/train/Lesser_Antillean_iguana/Lesser_Antillean_iguana_Lesser_Antillean_iguana_149.jpg,0.9285714285714285,False,0.75,False,0.9076029636214292,False,0.8306459339359519,False,1,False,1.0,False,0.5266910371117655,False,1.0,False,1.0,False
c:/school programs/AI/ML_ENV/AI-Lizard-Prediction-Challenge/train/Lesser_Antillean_iguana/Lesser_Antillean_iguana_Lesser_Antillean_iguana_151.jpg,0.9285714285714285,False,0.75,False,0.9471041839043916,False,0.9076266206371265,False,1,False,0.9920535325561478,False,0.526455796402796,False,1.0,False,1.0,False
c:/school programs/AI/ML_ENV/AI-Lizard-Prediction-Challenge/train/Lesser_Antillean_iguana/Lesser_Antillean_iguana_Lesser_Antillean_iguana_152.jpg,0.9285714285714285,False,0.75,False,0.9357664524850478,False,0.9193421892819135,False,1,False,0.978428967736445,False,0.5093787595336231,False,1.0,False,1.0,False
c:/school programs/AI/ML_ENV/AI-Lizard-Prediction-Challenge/train/Lesser_Antillean_iguana/Lesser_Antillean_iguana_Lesser_Antillean_iguana_153.jpg,0.9285714285714285,False,0.75,False,0.9183325582172048,False,0.9362066726078532,False,1,False,0.9875730040320889,False,0.5239412526901583,False,1.0,False,1.0,False
c:/school programs/AI/ML_ENV/AI-Lizard-Prediction-Challenge/train/Lesser_Antillean_iguana/Lesser_Antillean_iguana_Lesser_Antillean_iguana_154.jpg,0.9285714285714285,False,0.75,False,0.9453454727553313,False,0.9195748513416565,False,1,False,0.96912356113125,False,0.5522185958478503,False,1.0,False,1.0,False
c:/school programs/AI/ML_ENV/AI-Lizard-Prediction-Challenge/train/Lesser_Antillean_iguana/Lesser_Antillean_iguana_Lesser_Antillean_iguana_155.jpg,0.796498140793567,False,0.6666666666666666,False,0.9290458999730771,False,0.7959437850256319,False,1,False,0.9361730489312103,False,0.5241235805792588,False,1.0,False,1.0,False
c:/school programs/AI/ML_ENV/AI-Lizard-Prediction-Challenge/train/Lesser_Antillean_iguana/Lesser_Antillean_iguana_Lesser_Antillean_iguana_156.jpg,0.9285714285714285,False,0.75,False,0.9174142282518783,False,0.8628802345926763,False,1,False,0.9955470560410508,False,0.5170661129223346,False,1.0,False,1.0,False
c:/school programs/AI/ML_ENV/AI-Lizard-Prediction-Challenge/train/Lesser_Antillean_iguana/Lesser_Antillean_iguana_Lesser_Antillean_iguana_157.jpg,0.9285714285714285,False,0.75,False,0.9221665258943704,False,0.7749448356744076,False,1,False,0.975637789602958,False,0.46578063757645205,False,1.0,False,1.0,False
c:/school programs/AI/ML_ENV/AI-Lizard-Prediction-Challenge/train/Lesser_Antillean_iguana/Lesser_Antillean_iguana_Lesser_Antillean_iguana_158.jpg,0.5098835158366422,False,0.5633802816901409,False,0.7953866836836877,False,1.0,False,1,False,0.8857329249283846,False,0.7164451697346363,False,1.0,False,1.0,False
c:/school programs/AI/ML_ENV/AI-Lizard-Prediction-Challenge/train/Lesser_Antillean_iguana/Lesser_Antillean_iguana_Lesser_Antillean_iguana_159.jpg,0.9265414150995837,False,0.5625,False,0.9077835319510934,False,0.7543266047223447,False,1,False,0.8718397293359581,False,0.5163996228643771,False,1.0,False,1.0,False
c:/school programs/AI/ML_ENV/AI-Lizard-Prediction-Challenge/train/Lesser_Antillean_iguana/Lesser_Antillean_iguana_Lesser_Antillean_iguana_16.jpg,0.9905452019764944,False,0.66650390625,False,0.9188841764086858,False,0.9309166960582635,False,1,False,0.9429471252651187,False,0.5936181558698944,False,1.0,False,1.0,False
c:/school programs/AI/ML_ENV/AI-Lizard-Prediction-Challenge/train/Lesser_Antillean_iguana/Lesser_Antillean_iguana_Lesser_Antillean_iguana_160.jpg,0.7615750598962878,False,0.99951171875,False,0.9283606296555643,False,0.9139410000046484,False,1,False,0.979363923540578,False,0.5596194554085417,False,1.0,False,1.0,False
c:/school programs/AI/ML_ENV/AI-Lizard-Prediction-Challenge/train/Lesser_Antillean_iguana/Lesser_Antillean_iguana_Lesser_Antillean_iguana_161.jpg,0.7612701511541071,False,1.0,False,0.904245439308636,False,0.7599711666685649,False,1,False,0.8575577654189674,False,0.5626413716480977,False,1.0,False,1.0,False
c:/school programs/AI/ML_ENV/AI-Lizard-Prediction-Challenge/train/Lesser_Antillean_iguana/Lesser_Antillean_iguana_Lesser_Antillean_iguana_163.jpg,0.3590484906744198,True,0.5625774473358116,False,0.9242584304349347,False,0.9226994262602158,False,1,False,0.9796575993266693,False,0.6153598792499384,False,1.0,False,1.0,False
c:/school programs/AI/ML_ENV/AI-Lizard-Prediction-Challenge/train/Lesser_Antillean_iguana/Lesser_Antillean_iguana_Lesser_Antillean_iguana_165.jpg,0.9905452019764944,False,0.66650390625,False,0.9148325004625035,False,0.8273449968981006,False,1,False,0.996078431372549,False,0.583756520249259,False,1.0,False,1.0,False
c:/school programs/AI/ML_ENV/AI-Lizard-Prediction-Challenge/train/Lesser_Antillean_iguana/Lesser_Antillean_iguana_Lesser_Antillean_iguana_166.jpg,0.9905452019764944,False,0.66650390625,False,0.9288398046899753,False,0.9450672355322228,False,1,False,0.9573981144528447,False,0.527524119236616,False,1.0,False,1.0,False
c:/school programs/AI/ML_ENV/AI-Lizard-Prediction-Challenge/train/Lesser_Antillean_iguana/Lesser_Antillean_iguana_Lesser_Antillean_iguana_167.jpg,0.9285714285714285,False,0.75,False,0.9087072412704192,False,0.906034845759414,False,1,False,0.9545207517054675,False,0.5202917722542546,False,1.0,False,1.0,False
c:/school programs/AI/ML_ENV/AI-Lizard-Prediction-Challenge/train/Lesser_Antillean_iguana/Lesser_Antillean_iguana_Lesser_Antillean_iguana_170.jpg,0.9905452019764944,False,0.66650390625,False,0.8906789222903678,False,0.8856170458170779,False,1,False,0.8133050933891404,False,0.4798529380952953,False,1.0,False,1.0,False
c:/school programs/AI/ML_ENV/AI-Lizard-Prediction-Challenge/train/Lesser_Antillean_iguana/Lesser_Antillean_iguana_Lesser_Antillean_iguana_171.jpg,0.989798604524424,False,0.66748046875,False,0.8741376931546683,False,0.8985530291764542,False,1,False,0.9120958707037674,False,0.48933788636876696,False,1.0,False,1.0,False
c:/school programs/AI/ML_ENV/AI-Lizard-Prediction-Challenge/train/Lesser_Antillean_iguana/Lesser_Antillean_iguana_Lesser_Antillean_iguana_172.jpg,0.879591201430705,False,1.0,False,0.9184186520768055,False,0.8829041015128108,False,1,False,0.9716386314583487,False,0.6059337700217328,False,1.0,False,1.0,False
c:/school programs/AI/ML_ENV/AI-Lizard-Prediction-Challenge/train/Lesser_Antillean_iguana/Lesser_Antillean_iguana_Lesser_Antillean_iguana_173.jpg,0.8348608463355903,False,0.75,False,0.8802518755277055,False,0.9227274828483059,False,1,False,0.6881080715885501,False,0.4649562421485648,False,1.0,False,1.0,False
c:/school programs/AI/ML_ENV/AI-Lizard-Prediction-Challenge/train/Lesser_Antillean_iguana/Lesser_Antillean_iguana_Lesser_Antillean_iguana_174.jpg,0.6640750984078859,False,0.5718194254445964,False,0.8899215493589877,False,0.9382450676889341,False,1,False,0.8410385998781034,False,0.5066650755713054,False,1.0,False,1.0,False
c:/school programs/AI/ML_ENV/AI-Lizard-Prediction-Challenge/train/Lesser_Antillean_iguana/Lesser_Antillean_iguana_Lesser_Antillean_iguana_176.jpg,0.9285714285714285,False,0.75,False,0.8980512445265774,False,0.8546809843777404,False,1,False,0.9416133953146923,False,0.4647694755575278,False,1.0,False,1.0,False
c:/school programs/AI/ML_ENV/AI-Lizard-Prediction-Challenge/train/Lesser_Antillean_iguana/Lesser_Antillean_iguana_Lesser_Antillean_iguana_178.jpg,0.9285714285714285,False,0.75,False,0.9093650107767219,False,0.8224196982982633,False,1,False,0.9916568297419507,False,0.5359558161808158,False,1.0,False,1.0,False
c:/school programs/AI/ML_ENV/AI-Lizard-Prediction-Challenge/train/Lesser_Antillean_iguana/Lesser_Antillean_iguana_Lesser_Antillean_iguana_179.jpg,0.9285714285714285,False,0.75,False,0.9057675451928374,False,0.8179727977876607,False,1,False,0.9740803646049735,False,0.5073429127615634,False,1.0,False,1.0,False
c:/school programs/AI/ML_ENV/AI-Lizard-Prediction-Challenge/train/Lesser_Antillean_iguana/Lesser_Antillean_iguana_Lesser_Antillean_iguana_180.jpg,0.8273928556640802,False,0.44970703125,False,0.9243333815954142,False,0.8147454965055505,False,1,False,0.9633991468680478,False,0.5326359166024022,False,1.0,False,1.0,False
c:/school programs/AI/ML_ENV/AI-Lizard-Prediction-Challenge/train/Lesser_Antillean_iguana/Lesser_Antillean_iguana_Lesser_Antillean_iguana_181.jpg,0.8273928556640802,False,0.44970703125,False,0.885284578482171,False,0.7968722842727309,False,1,False,1.0,False,0.5062303595006423,False,1.0,False,1.0,False
c:/school programs/AI/ML_ENV/AI-Lizard-Prediction-Challenge/train/Lesser_Antillean_iguana/Lesser_Antillean_iguana_Lesser_Antillean_iguana_183.jpg,0.8273928556640802,False,0.44970703125,False,0.9258044919514101,False,0.9118224153863534,False,1,False,0.9087431019682382,False,0.5329403532596537,False,1.0,False,1.0,False
c:/school programs/AI/ML_ENV/AI-Lizard-Prediction-Challenge/train/Lesser_Antillean_iguana/Lesser_Antillean_iguana_Lesser_Antillean_iguana_184.jpg,0.8273928556640802,False,0.44970703125,False,0.8981263894698016,False,0.8266413380230747,False,1,False,0.9504256315985689,False,0.5301414043021568,False,1.0,False,1.0,False
c:/school programs/AI/ML_ENV/AI-Lizard-Prediction-Challenge/train/Lesser_Antillean_iguana/Lesser_Antillean_iguana_Lesser_Antillean_iguana_186.jpg,0.9513413988480894,False,0.71875,False,0.8904907685308248,False,0.8267111671000028,False,1,False,1.0,False,0.5347175994724445,False,1.0,False,1.0,False
c:/school programs/AI/ML_ENV/AI-Lizard-Prediction-Challenge/train/Lesser_Antillean_iguana/Lesser_Antillean_iguana_Lesser_Antillean_iguana_189.jpg,0.9285714285714285,False,0.75,False,0.9212456843776278,False,0.83176136938269,False,1,False,0.9194178657398383,False,0.49594244146678146,False,1.0,False,1.0,False
c:/school programs/AI/ML_ENV/AI-Lizard-Prediction-Challenge/train/Lesser_Antillean_iguana/Lesser_Antillean_iguana_Lesser_Antillean_iguana_190.jpg,0.9285714285714285,False,0.75,False,0.874338582349579,False,0.913485805312926,False,1,False,0.9734481227389962,False,0.49534005883178756,False,1.0,False,1.0,False
c:/school programs/AI/ML_ENV/AI-Lizard-Prediction-Challenge/train/Lesser_Antillean_iguana/Lesser_Antillean_iguana_Lesser_Antillean_iguana_191.jpg,0.9285714285714285,False,0.75,False,0.9140694725452516,False,0.8357636945926972,False,1,False,0.9631491105484793,False,0.5182631394786453,False,1.0,False,1.0,False
c:/school programs/AI/ML_ENV/AI-Lizard-Prediction-Challenge/train/Lesser_Antillean_iguana/Lesser_Antillean_iguana_Lesser_Antillean_iguana_192.jpg,0.9285714285714285,False,0.75,False,0.9266287635358673,False,0.9794201697828989,False,1,False,0.9788303245742013,False,0.5507185357360127,False,1.0,False,1.0,False
c:/school programs/AI/ML_ENV/AI-Lizard-Prediction-Challenge/train/Lesser_Antillean_iguana/Lesser_Antillean_iguana_Lesser_Antillean_iguana_193.jpg,0.6448753314589462,False,0.450625,False,0.9327739111587242,False,0.9647108936019494,False,1,False,0.9574726198499877,False,0.5508386073706317,False,1.0,False,1.0,False
c:/school programs/AI/ML_ENV/AI-Lizard-Prediction-Challenge/train/Lesser_Antillean_iguana/Lesser_Antillean_iguana_Lesser_Antillean_iguana_196.jpg,0.927760108264754,False,0.56396484375,False,0.915539983422808,False,0.7274913275738151,False,1,False,0.9924734517758222,False,0.5105069371717785,False,1.0,False,1.0,False
c:/school programs/AI/ML_ENV/AI-Lizard-Prediction-Challenge/train/Lesser_Antillean_iguana/Lesser_Antillean_iguana_Lesser_Antillean_iguana_197.jpg,0.9285714285714285,False,0.75,False,0.9224311981528832,False,0.8387042090445916,False,1,False,0.9168460914395242,False,0.5334755483224282,False,1.0,False,1.0,False
c:/school programs/AI/ML_ENV/AI-Lizard-Prediction-Challenge/train/Lesser_Antillean_iguana/Lesser_Antillean_iguana_Lesser_Antillean_iguana_198.jpg,0.9285714285714285,False,0.75,False,0.9213294680325976,False,0.7749448356744076,False,1,False,0.9707929116731661,False,0.5018549831946706,False,1.0,False,1.0,False
c:/school programs/AI/ML_ENV/AI-Lizard-Prediction-Challenge/train/Lesser_Antillean_iguana/Lesser_Antillean_iguana_Lesser_Antillean_iguana_199.jpg,0.9905452019764944,False,0.66650390625,False,0.8935878624784982,False,0.8178969876343365,False,1,False,0.82696118762848,False,0.44930656031739236,False,1.0,False,1.0,False
c:/school programs/AI/ML_ENV/AI-Lizard-Prediction-Challenge/train/Lesser_Antillean_iguana/Lesser_Antillean_iguana_Lesser_Antillean_iguana_200.jpg,0.9905452019764944,False,0.66650390625,False,0.8544993155935954,False,0.9583107558285741,False,1,False,0.8289947127432404,False,0.4019320668469559,False,1.0,False,1.0,False
c:/school programs/AI/ML_ENV/AI-Lizard-Prediction-Challenge/train/Lesser_Antillean_iguana/Lesser_Antillean_iguana_Lesser_Antillean_iguana_206.jpg,0.9285714285714285,False,0.75,False,0.9246069954773923,False,0.9121715698586182,False,1,False,0.8259745679668984,False,0.536959802455074,False,1.0,False,1.0,False
c:/school programs/AI/ML_ENV/AI-Lizard-Prediction-Challenge/train/Lesser_Antillean_iguana/Lesser_Antillean_iguana_Lesser_Antillean_iguana_21.jpg,0.9285714285714285,False,0.75,False,0.9354606714478326,False,0.8573247854752724,False,1,False,0.9964360250505069,False,0.5727103698968127,False,1.0,False,1.0,False
c:/school programs/AI/ML_ENV/AI-Lizard-Prediction-Challenge/train/Lesser_Antillean_iguana/Lesser_Antillean_iguana_Lesser_Antillean_iguana_22.jpg,0.9905452019764944,False,0.66650390625,False,0.8755985598047231,False,0.7777009436942022,False,1,False,0.893085825341761,False,0.459997187032015,False,1.0,False,1.0,False
c:/school programs/AI/ML_ENV/AI-Lizard-Prediction-Challenge/train/Lesser_Antillean_iguana/Lesser_Antillean_iguana_Lesser_Antillean_iguana_220.jpg,0.9628294854685898,False,0.60693359375,False,0.8597388685338556,False,0.9651831838302689,False,1,False,0.9755600763225284,False,0.4185344546238924,False,1.0,False,1.0,False
c:/school programs/AI/ML_ENV/AI-Lizard-Prediction-Challenge/train/Lesser_Antillean_iguana/Lesser_Antillean_iguana_Lesser_Antillean_iguana_23.jpg,0.926461275428192,False,0.7529296875,False,0.8916373739997033,False,0.8758502968633137,False,1,False,0.8809687792446703,False,0.5290093622282418,False,1.0,False,1.0,False
c:/school programs/AI/ML_ENV/AI-Lizard-Prediction-Challenge/train/Lesser_Antillean_iguana/Lesser_Antillean_iguana_Lesser_Antillean_iguana_24.jpg,0.9905452019764944,False,0.66650390625,False,0.9050235902129775,False,0.7493316891265979,False,1,False,0.8857618854111181,False,0.449648632939603,False,1.0,False,1.0,False
c:/school programs/AI/ML_ENV/AI-Lizard-Prediction-Challenge/train/Lesser_Antillean_iguana/Lesser_Antillean_iguana_Lesser_Antillean_iguana_25.jpg,0.9905452019764944,False,0.66650390625,False,0.8332213263005173,False,0.7500604609827256,False,1,False,0.7474037287288584,False,0.3772280839588288,False,1.0,False,1.0,False
c:/school programs/AI/ML_ENV/AI-Lizard-Prediction-Challenge/train/Lesser_Antillean_iguana/Lesser_Antillean_iguana_Lesser_Antillean_iguana_26.jpg,0.9905452019764944,False,0.66650390625,False,0.8755182447241103,False,0.8923989169218787,False,1,False,1.0,False,0.5066222800953606,False,1.0,False,1.0,False
c:/school programs/AI/ML_ENV/AI-Lizard-Prediction-Challenge/train/Lesser_Antillean_iguana/Lesser_Antillean_iguana_Lesser_Antillean_iguana_27.jpg,0.9285714285714285,False,0.75,False,0.889889509610997,False,0.812546230228318,False,1,False,0.890087209374562,False,0.5042743124201997,False,1.0,False,1.0,False
c:/school programs/AI/ML_ENV/AI-Lizard-Prediction-Challenge/train/Lesser_Antillean_iguana/Lesser_Antillean_iguana_Lesser_Antillean_iguana_28.jpg,0.9285714285714285,False,0.75,False,0.7962704467262058,False,0.935308973779123,False,1,False,0.9985244246027527,False,0.7919341311434813,False,1.0,False,1.0,False
c:/school programs/AI/ML_ENV/AI-Lizard-Prediction-Challenge/train/Lesser_Antillean_iguana/Lesser_Antillean_iguana_Lesser_Antillean_iguana_29.jpg,0.9285714285714285,False,0.75,False,0.8304743604652107,False,0.6678907828694944,False,1,False,0.8467379657379657,False,0.5428493712677084,False,1.0,False,1.0,False
c:/school programs/AI/ML_ENV/AI-Lizard-Prediction-Challenge/train/Lesser_Antillean_iguana/Lesser_Antillean_iguana_Lesser_Antillean_iguana_30.jpg,0.6602498558158676,False,0.8391666666666666,False,0.8951874408207825,False,0.8722427811868857,False,1,False,0.9913405849277407,False,0.6044571120624049,False,1.0,False,1.0,False
c:/school programs/AI/ML_ENV/AI-Lizard-Prediction-Challenge/train/Lesser_Antillean_iguana/Lesser_Antillean_iguana_Lesser_Antillean_iguana_31.jpg,0.9285714285714285,False,0.75,False,0.8921015851388913,False,0.9097158997275012,False,1,False,1.0,False,0.5261243176845001,False,1.0,False,1.0,False
c:/school programs/AI/ML_ENV/AI-Lizard-Prediction-Challenge/train/Lesser_Antillean_iguana/Lesser_Antillean_iguana_Lesser_Antillean_iguana_32.jpg,0.8348608463355903,False,0.75,False,0.8975096161955343,False,0.8049480594416684,False,1,False,0.9098039215686273,False,0.520711218922486,False,1.0,False,1.0,False
c:/school programs/AI/ML_ENV/AI-Lizard-Prediction-Challenge/train/Lesser_Antillean_iguana/Lesser_Antillean_iguana_Lesser_Antillean_iguana_33.jpg,0.9285714285714285,False,0.75,False,0.8546902793901232,False,0.9627304466374611,False,1,False,0.9342224468302377,False,0.7972833311039488,False,1.0,False,1.0,False
c:/school programs/AI/ML_ENV/AI-Lizard-Prediction-Challenge/train/Lesser_Antillean_iguana/Lesser_Antillean_iguana_Lesser_Antillean_iguana_34.jpg,0.9285714285714285,False,0.75,False,0.6132781409297053,False,0.9962141118788558,False,1,False,0.467494941343715,False,0.8107353105257842,False,1.0,False,1.0,False
c:/school programs/AI/ML_ENV/AI-Lizard-Prediction-Challenge/train/Lesser_Antillean_iguana/Lesser_Antillean_iguana_Lesser_Antillean_iguana_35.jpg,0.9285714285714285,False,0.75,False,0.832051373135197,False,0.9882352941176471,False,1,False,0.8403783406767824,False,0.5134257083647835,False,1.0,False,1.0,False
c:/school programs/AI/ML_ENV/AI-Lizard-Prediction-Challenge/train/Lesser_Antillean_iguana/Lesser_Antillean_iguana_Lesser_Antillean_iguana_36.jpg,0.9285714285714285,False,0.75,False,0.8401193956955402,False,0.9686274509803922,False,1,False,0.5745491119524659,False,0.4161690983637497,False,1.0,False,1.0,False
c:/school programs/AI/ML_ENV/AI-Lizard-Prediction-Challenge/train/Lesser_Antillean_iguana/Lesser_Antillean_iguana_Lesser_Antillean_iguana_38.jpg,0.9285714285714285,False,0.75,False,0.9048645317158489,False,0.8766587779289943,False,1,False,0.9612297966823482,False,0.5196480903313974,False,1.0,False,1.0,False
c:/school programs/AI/ML_ENV/AI-Lizard-Prediction-Challenge/train/Lesser_Antillean_iguana/Lesser_Antillean_iguana_Lesser_Antillean_iguana_39.jpg,0.9265414150995837,False,0.5625,False,0.9027826117243976,False,0.8396355074435271,False,1,False,0.9971774005492152,False,0.5167760843523559,False,1.0,False,1.0,False
c:/school programs/AI/ML_ENV/AI-Lizard-Prediction-Challenge/train/Lesser_Antillean_iguana/Lesser_Antillean_iguana_Lesser_Antillean_iguana_40.jpg,0.9265414150995837,False,0.5625,False,0.9149301738638306,False,0.8614741754207699,False,1,False,0.990432305330746,False,0.5636647471405756,False,1.0,False,1.0,False
c:/school programs/AI/ML_ENV/AI-Lizard-Prediction-Challenge/train/Lesser_Antillean_iguana/Lesser_Antillean_iguana_Lesser_Antillean_iguana_41.jpg,0.9265414150995837,False,0.5625,False,0.9069443010884864,False,0.9236853273742349,False,1,False,1.0,False,0.4099760445824111,False,1.0,False,1.0,False
c:/school programs/AI/ML_ENV/AI-Lizard-Prediction-Challenge/train/Lesser_Antillean_iguana/Lesser_Antillean_iguana_Lesser_Antillean_iguana_43.jpg,0.9285714285714285,False,0.75,False,0.9241031674006024,False,0.7616768821605171,False,1,False,0.9758765733970616,False,0.5208842116828012,False,1.0,False,1.0,False
c:/school programs/AI/ML_ENV/AI-Lizard-Prediction-Challenge/train/Lesser_Antillean_iguana/Lesser_Antillean_iguana_Lesser_Antillean_iguana_44.jpg,0.9261099826289768,False,0.75341796875,False,0.9112411639566151,False,0.9086255154627282,False,1,False,0.9849737963364481,False,0.5818935556978169,False,1.0,False,1.0,False
c:/school programs/AI/ML_ENV/AI-Lizard-Prediction-Challenge/train/Lesser_Antillean_iguana/Lesser_Antillean_iguana_Lesser_Antillean_iguana_45.jpg,0.9285714285714285,False,0.75,False,0.8997696172839946,False,0.9589805046303045,False,1,False,0.9894780856433727,False,0.5490461525073547,False,1.0,False,1.0,False
c:/school programs/AI/ML_ENV/AI-Lizard-Prediction-Challenge/train/Lesser_Antillean_iguana/Lesser_Antillean_iguana_Lesser_Antillean_iguana_48.jpg,0.9285714285714285,False,0.75,False,0.8982805375094387,False,0.7915343027174896,False,1,False,0.9233494674175097,False,0.47362507987406066,False,1.0,False,1.0,False
c:/school programs/AI/ML_ENV/AI-Lizard-Prediction-Challenge/train/Lesser_Antillean_iguana/Lesser_Antillean_iguana_Lesser_Antillean_iguana_49.jpg,0.9285714285714285,False,0.75,False,0.9349681065969145,False,0.9450335113101379,False,1,False,0.9545432510613998,False,0.5842681480438583,False,1.0,False,1.0,False
c:/school programs/AI/ML_ENV/AI-Lizard-Prediction-Challenge/train/Lesser_Antillean_iguana/Lesser_Antillean_iguana_Lesser_Antillean_iguana_50.jpg,0.8881391200721663,False,0.80712890625,False,0.9151322145379606,False,0.7802010285492068,False,1,False,0.9402223677037725,False,0.5281450102795109,False,1.0,False,1.0,False
c:/school programs/AI/ML_ENV/AI-Lizard-Prediction-Challenge/train/Lesser_Antillean_iguana/Lesser_Antillean_iguana_Lesser_Antillean_iguana_51.jpg,0.9285714285714285,False,0.75,False,0.892697344927284,False,0.641800671498578,False,1,False,0.9118964863653352,False,0.43904306642028046,False,1.0,False,1.0,False
c:/school programs/AI/ML_ENV/AI-Lizard-Prediction-Challenge/train/Lesser_Antillean_iguana/Lesser_Antillean_iguana_Lesser_Antillean_iguana_52.jpg,0.9285714285714285,False,0.75,False,0.9208384884291947,False,0.8337458392030007,False,1,False,0.9905498804926204,False,0.5747538675742204,False,1.0,False,1.0,False
c:/school programs/AI/ML_ENV/AI-Lizard-Prediction-Challenge/train/Lesser_Antillean_iguana/Lesser_Antillean_iguana_Lesser_Antillean_iguana_53.jpg,0.8792496964996749,False,0.7334116265413976,False,0.8881710538480045,False,0.8530583996615165,False,1,False,0.948054549017271,False,0.4850853541437198,False,1.0,False,1.0,False
c:/school programs/AI/ML_ENV/AI-Lizard-Prediction-Challenge/train/Lesser_Antillean_iguana/Lesser_Antillean_iguana_Lesser_Antillean_iguana_54.jpg,0.9285714285714285,False,0.75,False,0.9439663835239849,False,0.8865317988168555,False,1,False,0.9931391634226673,False,0.5558854996564918,False,1.0,False,1.0,False
c:/school programs/AI/ML_ENV/AI-Lizard-Prediction-Challenge/train/Lesser_Antillean_iguana/Lesser_Antillean_iguana_Lesser_Antillean_iguana_55.jpg,0.9285714285714285,False,0.75,False,0.9351704899135929,False,0.878948601890615,False,1,False,0.9680961311692806,False,0.5205908941468218,False,1.0,False,1.0,False
c:/school programs/AI/ML_ENV/AI-Lizard-Prediction-Challenge/train/Lesser_Antillean_iguana/Lesser_Antillean_iguana_Lesser_Antillean_iguana_56.jpg,0.9285714285714285,False,0.75,False,0.9074865436012227,False,0.8810500898586084,False,1,False,0.9954021557889692,False,0.541240209240778,False,1.0,False,1.0,False
c:/school programs/AI/ML_ENV/AI-Lizard-Prediction-Challenge/train/Lesser_Antillean_iguana/Lesser_Antillean_iguana_Lesser_Antillean_iguana_57.jpg,0.9285714285714285,False,0.75,False,0.9206414425847065,False,0.9125171956260527,False,1,False,0.9934608187081879,False,0.5704906504669708,False,1.0,False,1.0,False
c:/school programs/AI/ML_ENV/AI-Lizard-Prediction-Challenge/train/Lesser_Antillean_iguana/Lesser_Antillean_iguana_Lesser_Antillean_iguana_59.jpg,0.9905452019764944,False,0.66650390625,False,0.8893757721763529,False,0.8869507597595001,False,1,False,0.8553182382804086,False,0.528247360762521,False,1.0,False,1.0,False
c:/school programs/AI/ML_ENV/AI-Lizard-Prediction-Challenge/train/Lesser_Antillean_iguana/Lesser_Antillean_iguana_Lesser_Antillean_iguana_61.jpg,0.9905452019764944,False,0.66650390625,False,0.8961055385480932,False,0.9026925507900582,False,1,False,0.8794040395752243,False,0.5562806802711286,False,1.0,False,1.0,False
c:/school programs/AI/ML_ENV/AI-Lizard-Prediction-Challenge/train/Lesser_Antillean_iguana/Lesser_Antillean_iguana_Lesser_Antillean_iguana_62.jpg,0.9905452019764944,False,0.66650390625,False,0.9005463592168589,False,0.9063285905472442,False,1,False,0.8808130440724793,False,0.547454841272044,False,1.0,False,1.0,False
c:/school programs/AI/ML_ENV/AI-Lizard-Prediction-Challenge/train/Lesser_Antillean_iguana/Lesser_Antillean_iguana_Lesser_Antillean_iguana_63.jpg,0.8348608463355903,False,0.75,False,0.9101140611450019,False,0.8869810316927649,False,1,False,0.9672127400055613,False,0.5495952733031191,False,1.0,False,1.0,False
c:/school programs/AI/ML_ENV/AI-Lizard-Prediction-Challenge/train/Lesser_Antillean_iguana/Lesser_Antillean_iguana_Lesser_Antillean_iguana_64.jpg,0.9285714285714285,False,0.75,False,0.8647158973787269,False,0.6829614155149446,False,1,False,0.9994686169859808,False,0.4442940729852588,False,1.0,False,1.0,False
c:/school programs/AI/ML_ENV/AI-Lizard-Prediction-Challenge/train/Lesser_Antillean_iguana/Lesser_Antillean_iguana_Lesser_Antillean_iguana_65.jpg,0.9285714285714285,False,0.75,False,0.915791361890407,False,0.9047177446259902,False,1,False,0.9821772297944213,False,0.5955922932496667,False,1.0,False,1.0,False
c:/school programs/AI/ML_ENV/AI-Lizard-Prediction-Challenge/train/Lesser_Antillean_iguana/Lesser_Antillean_iguana_Lesser_Antillean_iguana_66.jpg,0.9285714285714285,False,0.75,False,0.9260093364928967,False,0.8529015478231211,False,1,False,1.0,False,0.5187283477264351,False,1.0,False,1.0,False
c:/school programs/AI/ML_ENV/AI-Lizard-Prediction-Challenge/train/Lesser_Antillean_iguana/Lesser_Antillean_iguana_Lesser_Antillean_iguana_67.jpg,0.9285714285714285,False,0.75,False,0.8992872268279734,False,0.8480921787426021,False,1,False,0.9953098393356484,False,0.5692286644011064,False,1.0,False,1.0,False
c:/school programs/AI/ML_ENV/AI-Lizard-Prediction-Challenge/train/Lesser_Antillean_iguana/Lesser_Antillean_iguana_Lesser_Antillean_iguana_68.jpg,0.9285714285714285,False,0.75,False,0.8931006141978227,False,0.9277128201502737,False,1,False,1.0,False,0.5960017723811442,False,1.0,False,1.0,False
c:/school programs/AI/ML_ENV/AI-Lizard-Prediction-Challenge/train/Lesser_Antillean_iguana/Lesser_Antillean_iguana_Lesser_Antillean_iguana_69.jpg,0.9285714285714285,False,0.75,False,0.9216530415617747,False,0.7754363109446729,False,1,False,0.9848826728484977,False,0.5569899025353717,False,1.0,False,1.0,False
c:/school programs/AI/ML_ENV/AI-Lizard-Prediction-Challenge/train/Lesser_Antillean_iguana/Lesser_Antillean_iguana_Lesser_Antillean_iguana_71.jpg,0.8431563179615527,False,0.466796875,False,0.9395771754272304,False,0.8922553747624069,False,1,False,0.9637957447514088,False,0.5180284379405251,False,1.0,False,1.0,False
c:/school programs/AI/ML_ENV/AI-Lizard-Prediction-Challenge/train/Lesser_Antillean_iguana/Lesser_Antillean_iguana_Lesser_Antillean_iguana_73.jpg,0.9285714285714285,False,0.75,False,0.9124646345011929,False,0.8731449831126245,False,1,False,0.9931391634226673,False,0.5601322655144463,False,1.0,False,1.0,False
c:/school programs/AI/ML_ENV/AI-Lizard-Prediction-Challenge/train/Lesser_Antillean_iguana/Lesser_Antillean_iguana_Lesser_Antillean_iguana_74.jpg,0.9285714285714285,False,0.75,False,0.9498619667849297,False,0.9556207321420308,False,1,False,0.9946160950188712,False,0.6053487074652619,False,1.0,False,1.0,False
c:/school programs/AI/ML_ENV/AI-Lizard-Prediction-Challenge/train/Lesser_Antillean_iguana/Lesser_Antillean_iguana_Lesser_Antillean_iguana_75.jpg,0.9265414150995837,False,0.5625,False,0.9348059950349974,False,0.8345036707762266,False,1,False,0.9550276440217993,False,0.49428978925426803,False,1.0,False,1.0,False
c:/school programs/AI/ML_ENV/AI-Lizard-Prediction-Challenge/train/Lesser_Antillean_iguana/Lesser_Antillean_iguana_Lesser_Antillean_iguana_76.jpg,0.9285714285714285,False,0.75,False,0.909191481970418,False,0.9823695066857981,False,1,False,0.9587831339980986,False,0.5495546692068609,False,1.0,False,1.0,False
c:/school programs/AI/ML_ENV/AI-Lizard-Prediction-Challenge/train/Lesser_Antillean_iguana/Lesser_Antillean_iguana_Lesser_Antillean_iguana_77.jpg,0.9285714285714285,False,0.75,False,0.9180590706921002,False,0.8159004999650723,False,1,False,0.9550536417760744,False,0.5068524456218851,False,1.0,False,1.0,False
c:/school programs/AI/ML_ENV/AI-Lizard-Prediction-Challenge/train/Lesser_Antillean_iguana/Lesser_Antillean_iguana_Lesser_Antillean_iguana_79.jpg,0.9265414150995837,False,0.5625,False,0.9312328736907958,False,0.7950860121739693,False,1,False,0.9864253889972819,False,0.5350197165113708,False,1.0,False,1.0,False
c:/school programs/AI/ML_ENV/AI-Lizard-Prediction-Challenge/train/Lesser_Antillean_iguana/Lesser_Antillean_iguana_Lesser_Antillean_iguana_80.jpg,0.9285714285714285,False,0.75,False,0.9355480825238592,False,0.8801492662298789,False,1,False,0.9726246333667254,False,0.5536877743609789,False,1.0,False,1.0,False
c:/school programs/AI/ML_ENV/AI-Lizard-Prediction-Challenge/train/Lesser_Antillean_iguana/Lesser_Antillean_iguana_Lesser_Antillean_iguana_81.jpg,0.9193493195830835,False,0.75,False,0.8947961642225813,False,0.7334818175791038,False,1,False,0.9785541437376202,False,0.5390571768739225,False,1.0,False,1.0,False
c:/school programs/AI/ML_ENV/AI-Lizard-Prediction-Challenge/train/Lesser_Antillean_iguana/Lesser_Antillean_iguana_Lesser_Antillean_iguana_82.jpg,0.9285714285714285,False,0.75,False,0.8818110267642821,False,0.8818621348970279,False,1,False,0.9921568627450981,False,0.5630550265361274,False,1.0,False,1.0,False
c:/school programs/AI/ML_ENV/AI-Lizard-Prediction-Challenge/train/Lesser_Antillean_iguana/Lesser_Antillean_iguana_Lesser_Antillean_iguana_83.jpg,0.9285714285714285,False,0.75,False,0.9454506132731286,False,0.908377603224285,False,1,False,0.9524415780670809,False,0.5185265250808101,False,1.0,False,1.0,False
c:/school programs/AI/ML_ENV/AI-Lizard-Prediction-Challenge/train/Lesser_Antillean_iguana/Lesser_Antillean_iguana_Lesser_Antillean_iguana_84.jpg,0.9285714285714285,False,0.75,False,0.9511396600917256,False,0.9134319610083732,False,1,False,0.9955470560410508,False,0.5953978314344935,False,1.0,False,1.0,False
c:/school programs/AI/ML_ENV/AI-Lizard-Prediction-Challenge/train/Lesser_Antillean_iguana/Lesser_Antillean_iguana_Lesser_Antillean_iguana_85.jpg,0.9285714285714285,False,0.75,False,0.9321460209454888,False,0.8511482369389011,False,1,False,0.9251180125681309,False,0.586302330827402,False,1.0,False,1.0,False
c:/school programs/AI/ML_ENV/AI-Lizard-Prediction-Challenge/train/Lesser_Antillean_iguana/Lesser_Antillean_iguana_Lesser_Antillean_iguana_86.jpg,0.9285714285714285,False,0.75,False,0.9090682516499164,False,0.8691704520122383,False,1,False,0.8273418755315566,False,0.4211812771687923,False,1.0,False,1.0,False
c:/school programs/AI/ML_ENV/AI-Lizard-Prediction-Challenge/train/Lesser_Antillean_iguana/Lesser_Antillean_iguana_Lesser_Antillean_iguana_87.jpg,0.9285714285714285,False,0.75,False,0.9279994847845631,False,0.8788112830606004,False,1,False,0.9506335005077307,False,0.5179643370741984,False,1.0,False,1.0,False
c:/school programs/AI/ML_ENV/AI-Lizard-Prediction-Challenge/train/Lesser_Antillean_iguana/Lesser_Antillean_iguana_Lesser_Antillean_iguana_88.jpg,0.9285714285714285,False,0.75,False,0.9107223768718375,False,0.9471426953401748,False,1,False,0.956050643807935,False,0.5536492923217111,False,1.0,False,1.0,False
c:/school programs/AI/ML_ENV/AI-Lizard-Prediction-Challenge/train/Lesser_Antillean_iguana/Lesser_Antillean_iguana_Lesser_Antillean_iguana_89.jpg,0.9285714285714285,False,0.75,False,0.9213841898771261,False,0.8307862927060539,False,1,False,0.9955470560410508,False,0.5845141355458885,False,1.0,False,1.0,False
c:/school programs/AI/ML_ENV/AI-Lizard-Prediction-Challenge/train/Lesser_Antillean_iguana/Lesser_Antillean_iguana_Lesser_Antillean_iguana_91.jpg,0.9265414150995837,False,0.5625,False,0.9199673133909378,False,0.8733978796156512,False,1,False,0.9260507354331614,False,0.5328604628709974,False,1.0,False,1.0,False
c:/school programs/AI/ML_ENV/AI-Lizard-Prediction-Challenge/train/Lesser_Antillean_iguana/Lesser_Antillean_iguana_Lesser_Antillean_iguana_92.jpg,0.9285714285714285,False,0.75,False,0.9126296853718208,False,0.8992424694167102,False,1,False,0.9677581953382609,False,0.5956454689053525,False,1.0,False,1.0,False
c:/school programs/AI/ML_ENV/AI-Lizard-Prediction-Challenge/train/Lesser_Antillean_iguana/Lesser_Antillean_iguana_Lesser_Antillean_iguana_93.jpg,0.9905452019764944,False,0.66650390625,False,0.8842222935701118,False,0.8732108283773667,False,1,False,0.8087456730676965,False,0.5079985930632831,False,1.0,False,1.0,False
c:/school programs/AI/ML_ENV/AI-Lizard-Prediction-Challenge/train/Lesser_Antillean_iguana/Lesser_Antillean_iguana_Lesser_Antillean_iguana_96.jpg,0.9265414150995837,False,0.5625,False,0.9230808653818988,False,0.8985390835337798,False,1,False,0.9241895812876855,False,0.5320955718279301,False,1.0,False,1.0,False
c:/school programs/AI/ML_ENV/AI-Lizard-Prediction-Challenge/train/Lesser_Antillean_iguana/Lesser_Antillean_iguana_Lesser_Antillean_iguana_97.jpg,0.9905452019764944,False,0.66650390625,False,0.8977071001826428,False,0.8951192618132433,False,1,False,0.9159391094029092,False,0.4907969767731235,False,1.0,False,1.0,False
c:/school programs/AI/ML_ENV/AI-Lizard-Prediction-Challenge/train/Lesser_Antillean_iguana/Lesser_Antillean_iguana_Lesser_Antillean_iguana_98.jpg,0.9905452019764944,False,0.66650390625,False,0.94223428364528,False,0.8653835728163696,False,1,False,0.9747996930218743,False,0.5758968217797251,False,1.0,False,1.0,False
